coordinates,name,type,rating
POINT (-0.1277583 51.5073509),London,locality,
POINT (-0.1277583 51.5073509),London,political,
POINT (-0.1167623 51.5058337),Royal Festival Hall,premise,
POINT (-0.1167623 51.5058337),Royal Festival Hall,point_of_interest,
POINT (-0.1167623 51.5058337),Royal Festival Hall,establishment,
POINT (-0.1291477 51.507329),"The Trafalgar St. James London, Curio Collection by Hilton",lodging,4.4
POINT (-0.1291477 51.507329),"The Trafalgar St. James London, Curio Collection by Hilton",point_of_interest,4.4
POINT (-0.1291477 51.507329),"The Trafalgar St. James London, Curio Collection by Hilton",establishment,4.4
POINT (-0.1310822 51.5082575),Haymarket Hotel,lodging,4.6
POINT (-0.1310822 51.5082575),Haymarket Hotel,point_of_interest,4.6
POINT (-0.1310822 51.5082575),Haymarket Hotel,establishment,4.6
POINT (-0.124743 51.5084092),Amba Hotel Charing Cross,bar,4.5
POINT (-0.124743 51.5084092),Amba Hotel Charing Cross,lodging,4.5
POINT (-0.124743 51.5084092),Amba Hotel Charing Cross,point_of_interest,4.5
POINT (-0.124743 51.5084092),Amba Hotel Charing Cross,establishment,4.5
POINT (-0.1297669 51.50986690000001),"Radisson Blu Edwardian, Hampshire",lodging,4.3
POINT (-0.1297669 51.50986690000001),"Radisson Blu Edwardian, Hampshire",point_of_interest,4.3
POINT (-0.1297669 51.50986690000001),"Radisson Blu Edwardian, Hampshire",establishment,4.3
POINT (-0.1246815 51.50709869999999),Citadines Trafalgar Square London,real_estate_agency,4.2
POINT (-0.1246815 51.50709869999999),Citadines Trafalgar Square London,lodging,4.2
POINT (-0.1246815 51.50709869999999),Citadines Trafalgar Square London,point_of_interest,4.2
POINT (-0.1246815 51.50709869999999),Citadines Trafalgar Square London,establishment,4.2
POINT (-0.1243777 51.5067575),Corinthia Hotel London,lodging,4.6
POINT (-0.1243777 51.5067575),Corinthia Hotel London,point_of_interest,4.6
POINT (-0.1243777 51.5067575),Corinthia Hotel London,establishment,4.6
POINT (-0.1323289 51.507583),Sofitel London St James,spa,4.6
POINT (-0.1323289 51.507583),Sofitel London St James,bar,4.6
POINT (-0.1323289 51.507583),Sofitel London St James,lodging,4.6
POINT (-0.1323289 51.507583),Sofitel London St James,restaurant,4.6
POINT (-0.1323289 51.507583),Sofitel London St James,point_of_interest,4.6
POINT (-0.1323289 51.507583),Sofitel London St James,food,4.6
POINT (-0.1323289 51.507583),Sofitel London St James,establishment,4.6
POINT (-0.1315736 51.51021369999999),Thistle Piccadilly Hotel,bar,4.4
POINT (-0.1315736 51.51021369999999),Thistle Piccadilly Hotel,lodging,4.4
POINT (-0.1315736 51.51021369999999),Thistle Piccadilly Hotel,restaurant,4.4
POINT (-0.1315736 51.51021369999999),Thistle Piccadilly Hotel,point_of_interest,4.4
POINT (-0.1315736 51.51021369999999),Thistle Piccadilly Hotel,food,4.4
POINT (-0.1315736 51.51021369999999),Thistle Piccadilly Hotel,establishment,4.4
POINT (-0.1242874 51.5057775),The Royal Horseguards,lodging,4.5
POINT (-0.1242874 51.5057775),The Royal Horseguards,point_of_interest,4.5
POINT (-0.1242874 51.5057775),The Royal Horseguards,establishment,4.5
POINT (-0.1302996 51.5110378),Premier Inn London Leicester Square,lodging,4.2
POINT (-0.1302996 51.5110378),Premier Inn London Leicester Square,point_of_interest,4.2
POINT (-0.1302996 51.5110378),Premier Inn London Leicester Square,establishment,4.2
POINT (-0.1314287 51.51084299999999),W London - Leicester Square,lodging,4.2
POINT (-0.1314287 51.51084299999999),W London - Leicester Square,point_of_interest,4.2
POINT (-0.1314287 51.51084299999999),W London - Leicester Square,establishment,4.2
POINT (-0.1206062 51.510268),The Savoy,bar,4.7
POINT (-0.1206062 51.510268),The Savoy,lodging,4.7
POINT (-0.1206062 51.510268),The Savoy,restaurant,4.7
POINT (-0.1206062 51.510268),The Savoy,point_of_interest,4.7
POINT (-0.1206062 51.510268),The Savoy,food,4.7
POINT (-0.1206062 51.510268),The Savoy,establishment,4.7
POINT (-0.1363233 51.50947619999999),Le Méridien Piccadilly,lodging,4.1
POINT (-0.1363233 51.50947619999999),Le Méridien Piccadilly,point_of_interest,4.1
POINT (-0.1363233 51.50947619999999),Le Méridien Piccadilly,establishment,4.1
POINT (-0.1206784 51.5108951),Strand Palace Hotel,lodging,3.8
POINT (-0.1206784 51.5108951),Strand Palace Hotel,point_of_interest,3.8
POINT (-0.1206784 51.5108951),Strand Palace Hotel,establishment,3.8
POINT (-0.1296336 51.5135606),The Z Hotel Soho,lodging,4.1
POINT (-0.1296336 51.5135606),The Z Hotel Soho,point_of_interest,4.1
POINT (-0.1296336 51.5135606),The Z Hotel Soho,establishment,4.1
POINT (-0.1271077 51.5139308),"Radisson Blu Edwardian, Mercer Street",lodging,4.4
POINT (-0.1271077 51.5139308),"Radisson Blu Edwardian, Mercer Street",point_of_interest,4.4
POINT (-0.1271077 51.5139308),"Radisson Blu Edwardian, Mercer Street",establishment,4.4
POINT (-0.1379502 51.50786840000001),The Cavendish London,lodging,4.5
POINT (-0.1379502 51.50786840000001),The Cavendish London,point_of_interest,4.5
POINT (-0.1379502 51.50786840000001),The Cavendish London,establishment,4.5
POINT (-0.09098519999999999 51.5123443),City of London,sublocality_level_1,
POINT (-0.09098519999999999 51.5123443),City of London,locality,
POINT (-0.09098519999999999 51.5123443),City of London,sublocality,
POINT (-0.09098519999999999 51.5123443),City of London,political,
POINT (-0.1277583 51.5073509),London,locality,
POINT (-0.1277583 51.5073509),London,political,
POINT (-0.1167623 51.5058337),Royal Festival Hall,premise,
POINT (-0.1167623 51.5058337),Royal Festival Hall,point_of_interest,
POINT (-0.1167623 51.5058337),Royal Festival Hall,establishment,
POINT (-0.1291477 51.507329),"The Trafalgar St. James London, Curio Collection by Hilton",lodging,4.4
POINT (-0.1291477 51.507329),"The Trafalgar St. James London, Curio Collection by Hilton",point_of_interest,4.4
POINT (-0.1291477 51.507329),"The Trafalgar St. James London, Curio Collection by Hilton",establishment,4.4
POINT (-0.1310822 51.5082575),Haymarket Hotel,lodging,4.6
POINT (-0.1310822 51.5082575),Haymarket Hotel,point_of_interest,4.6
POINT (-0.1310822 51.5082575),Haymarket Hotel,establishment,4.6
POINT (-0.124743 51.5084092),Amba Hotel Charing Cross,bar,4.5
POINT (-0.124743 51.5084092),Amba Hotel Charing Cross,lodging,4.5
POINT (-0.124743 51.5084092),Amba Hotel Charing Cross,point_of_interest,4.5
POINT (-0.124743 51.5084092),Amba Hotel Charing Cross,establishment,4.5
POINT (-0.1297669 51.50986690000001),"Radisson Blu Edwardian, Hampshire",lodging,4.3
POINT (-0.1297669 51.50986690000001),"Radisson Blu Edwardian, Hampshire",point_of_interest,4.3
POINT (-0.1297669 51.50986690000001),"Radisson Blu Edwardian, Hampshire",establishment,4.3
POINT (-0.1246815 51.50709869999999),Citadines Trafalgar Square London,real_estate_agency,4.2
POINT (-0.1246815 51.50709869999999),Citadines Trafalgar Square London,lodging,4.2
POINT (-0.1246815 51.50709869999999),Citadines Trafalgar Square London,point_of_interest,4.2
POINT (-0.1246815 51.50709869999999),Citadines Trafalgar Square London,establishment,4.2
POINT (-0.1243777 51.5067575),Corinthia Hotel London,lodging,4.6
POINT (-0.1243777 51.5067575),Corinthia Hotel London,point_of_interest,4.6
POINT (-0.1243777 51.5067575),Corinthia Hotel London,establishment,4.6
POINT (-0.1323289 51.507583),Sofitel London St James,spa,4.6
POINT (-0.1323289 51.507583),Sofitel London St James,bar,4.6
POINT (-0.1323289 51.507583),Sofitel London St James,lodging,4.6
POINT (-0.1323289 51.507583),Sofitel London St James,restaurant,4.6
POINT (-0.1323289 51.507583),Sofitel London St James,point_of_interest,4.6
POINT (-0.1323289 51.507583),Sofitel London St James,food,4.6
POINT (-0.1323289 51.507583),Sofitel London St James,establishment,4.6
POINT (-0.1315736 51.51021369999999),Thistle Piccadilly Hotel,bar,4.4
POINT (-0.1315736 51.51021369999999),Thistle Piccadilly Hotel,lodging,4.4
POINT (-0.1315736 51.51021369999999),Thistle Piccadilly Hotel,restaurant,4.4
POINT (-0.1315736 51.51021369999999),Thistle Piccadilly Hotel,point_of_interest,4.4
POINT (-0.1315736 51.51021369999999),Thistle Piccadilly Hotel,food,4.4
POINT (-0.1315736 51.51021369999999),Thistle Piccadilly Hotel,establishment,4.4
POINT (-0.1242874 51.5057775),The Royal Horseguards,lodging,4.5
POINT (-0.1242874 51.5057775),The Royal Horseguards,point_of_interest,4.5
POINT (-0.1242874 51.5057775),The Royal Horseguards,establishment,4.5
POINT (-0.1302996 51.5110378),Premier Inn London Leicester Square,lodging,4.2
POINT (-0.1302996 51.5110378),Premier Inn London Leicester Square,point_of_interest,4.2
POINT (-0.1302996 51.5110378),Premier Inn London Leicester Square,establishment,4.2
POINT (-0.1314287 51.51084299999999),W London - Leicester Square,lodging,4.2
POINT (-0.1314287 51.51084299999999),W London - Leicester Square,point_of_interest,4.2
POINT (-0.1314287 51.51084299999999),W London - Leicester Square,establishment,4.2
POINT (-0.1206062 51.510268),The Savoy,bar,4.7
POINT (-0.1206062 51.510268),The Savoy,lodging,4.7
POINT (-0.1206062 51.510268),The Savoy,restaurant,4.7
POINT (-0.1206062 51.510268),The Savoy,point_of_interest,4.7
POINT (-0.1206062 51.510268),The Savoy,food,4.7
POINT (-0.1206062 51.510268),The Savoy,establishment,4.7
POINT (-0.1363233 51.50947619999999),Le Méridien Piccadilly,lodging,4.1
POINT (-0.1363233 51.50947619999999),Le Méridien Piccadilly,point_of_interest,4.1
POINT (-0.1363233 51.50947619999999),Le Méridien Piccadilly,establishment,4.1
POINT (-0.1206784 51.5108951),Strand Palace Hotel,lodging,3.8
POINT (-0.1206784 51.5108951),Strand Palace Hotel,point_of_interest,3.8
POINT (-0.1206784 51.5108951),Strand Palace Hotel,establishment,3.8
POINT (-0.1296336 51.5135606),The Z Hotel Soho,lodging,4.1
POINT (-0.1296336 51.5135606),The Z Hotel Soho,point_of_interest,4.1
POINT (-0.1296336 51.5135606),The Z Hotel Soho,establishment,4.1
POINT (-0.1271077 51.5139308),"Radisson Blu Edwardian, Mercer Street",lodging,4.4
POINT (-0.1271077 51.5139308),"Radisson Blu Edwardian, Mercer Street",point_of_interest,4.4
POINT (-0.1271077 51.5139308),"Radisson Blu Edwardian, Mercer Street",establishment,4.4
POINT (-0.1379502 51.50786840000001),The Cavendish London,lodging,4.5
POINT (-0.1379502 51.50786840000001),The Cavendish London,point_of_interest,4.5
POINT (-0.1379502 51.50786840000001),The Cavendish London,establishment,4.5
POINT (-0.09098519999999999 51.5123443),City of London,sublocality_level_1,
POINT (-0.09098519999999999 51.5123443),City of London,locality,
POINT (-0.09098519999999999 51.5123443),City of London,sublocality,
POINT (-0.09098519999999999 51.5123443),City of London,political,
POINT (-0.1277583 51.5073509),London,locality,
POINT (-0.1277583 51.5073509),London,political,
POINT (-0.1167623 51.5058337),Royal Festival Hall,premise,
POINT (-0.1167623 51.5058337),Royal Festival Hall,point_of_interest,
POINT (-0.1167623 51.5058337),Royal Festival Hall,establishment,
POINT (-0.1291477 51.507329),"The Trafalgar St. James London, Curio Collection by Hilton",lodging,4.4
POINT (-0.1291477 51.507329),"The Trafalgar St. James London, Curio Collection by Hilton",point_of_interest,4.4
POINT (-0.1291477 51.507329),"The Trafalgar St. James London, Curio Collection by Hilton",establishment,4.4
POINT (-0.1310822 51.5082575),Haymarket Hotel,lodging,4.6
POINT (-0.1310822 51.5082575),Haymarket Hotel,point_of_interest,4.6
POINT (-0.1310822 51.5082575),Haymarket Hotel,establishment,4.6
POINT (-0.124743 51.5084092),Amba Hotel Charing Cross,bar,4.5
POINT (-0.124743 51.5084092),Amba Hotel Charing Cross,lodging,4.5
POINT (-0.124743 51.5084092),Amba Hotel Charing Cross,point_of_interest,4.5
POINT (-0.124743 51.5084092),Amba Hotel Charing Cross,establishment,4.5
POINT (-0.1297669 51.50986690000001),"Radisson Blu Edwardian, Hampshire",lodging,4.3
POINT (-0.1297669 51.50986690000001),"Radisson Blu Edwardian, Hampshire",point_of_interest,4.3
POINT (-0.1297669 51.50986690000001),"Radisson Blu Edwardian, Hampshire",establishment,4.3
POINT (-0.1246815 51.50709869999999),Citadines Trafalgar Square London,real_estate_agency,4.2
POINT (-0.1246815 51.50709869999999),Citadines Trafalgar Square London,lodging,4.2
POINT (-0.1246815 51.50709869999999),Citadines Trafalgar Square London,point_of_interest,4.2
POINT (-0.1246815 51.50709869999999),Citadines Trafalgar Square London,establishment,4.2
POINT (-0.1243777 51.5067575),Corinthia Hotel London,lodging,4.6
POINT (-0.1243777 51.5067575),Corinthia Hotel London,point_of_interest,4.6
POINT (-0.1243777 51.5067575),Corinthia Hotel London,establishment,4.6
POINT (-0.1323289 51.507583),Sofitel London St James,spa,4.6
POINT (-0.1323289 51.507583),Sofitel London St James,bar,4.6
POINT (-0.1323289 51.507583),Sofitel London St James,lodging,4.6
POINT (-0.1323289 51.507583),Sofitel London St James,restaurant,4.6
POINT (-0.1323289 51.507583),Sofitel London St James,point_of_interest,4.6
POINT (-0.1323289 51.507583),Sofitel London St James,food,4.6
POINT (-0.1323289 51.507583),Sofitel London St James,establishment,4.6
POINT (-0.1315736 51.51021369999999),Thistle Piccadilly Hotel,bar,4.4
POINT (-0.1315736 51.51021369999999),Thistle Piccadilly Hotel,lodging,4.4
POINT (-0.1315736 51.51021369999999),Thistle Piccadilly Hotel,restaurant,4.4
POINT (-0.1315736 51.51021369999999),Thistle Piccadilly Hotel,point_of_interest,4.4
POINT (-0.1315736 51.51021369999999),Thistle Piccadilly Hotel,food,4.4
POINT (-0.1315736 51.51021369999999),Thistle Piccadilly Hotel,establishment,4.4
POINT (-0.1242874 51.5057775),The Royal Horseguards,lodging,4.5
POINT (-0.1242874 51.5057775),The Royal Horseguards,point_of_interest,4.5
POINT (-0.1242874 51.5057775),The Royal Horseguards,establishment,4.5
POINT (-0.1302996 51.5110378),Premier Inn London Leicester Square,lodging,4.2
POINT (-0.1302996 51.5110378),Premier Inn London Leicester Square,point_of_interest,4.2
POINT (-0.1302996 51.5110378),Premier Inn London Leicester Square,establishment,4.2
POINT (-0.1314287 51.51084299999999),W London - Leicester Square,lodging,4.2
POINT (-0.1314287 51.51084299999999),W London - Leicester Square,point_of_interest,4.2
POINT (-0.1314287 51.51084299999999),W London - Leicester Square,establishment,4.2
POINT (-0.1206062 51.510268),The Savoy,bar,4.7
POINT (-0.1206062 51.510268),The Savoy,lodging,4.7
POINT (-0.1206062 51.510268),The Savoy,restaurant,4.7
POINT (-0.1206062 51.510268),The Savoy,point_of_interest,4.7
POINT (-0.1206062 51.510268),The Savoy,food,4.7
POINT (-0.1206062 51.510268),The Savoy,establishment,4.7
POINT (-0.1363233 51.50947619999999),Le Méridien Piccadilly,lodging,4.1
POINT (-0.1363233 51.50947619999999),Le Méridien Piccadilly,point_of_interest,4.1
POINT (-0.1363233 51.50947619999999),Le Méridien Piccadilly,establishment,4.1
POINT (-0.1206784 51.5108951),Strand Palace Hotel,lodging,3.8
POINT (-0.1206784 51.5108951),Strand Palace Hotel,point_of_interest,3.8
POINT (-0.1206784 51.5108951),Strand Palace Hotel,establishment,3.8
POINT (-0.1296336 51.5135606),The Z Hotel Soho,lodging,4.1
POINT (-0.1296336 51.5135606),The Z Hotel Soho,point_of_interest,4.1
POINT (-0.1296336 51.5135606),The Z Hotel Soho,establishment,4.1
POINT (-0.1271077 51.5139308),"Radisson Blu Edwardian, Mercer Street",lodging,4.4
POINT (-0.1271077 51.5139308),"Radisson Blu Edwardian, Mercer Street",point_of_interest,4.4
POINT (-0.1271077 51.5139308),"Radisson Blu Edwardian, Mercer Street",establishment,4.4
POINT (-0.1379502 51.50786840000001),The Cavendish London,lodging,4.5
POINT (-0.1379502 51.50786840000001),The Cavendish London,point_of_interest,4.5
POINT (-0.1379502 51.50786840000001),The Cavendish London,establishment,4.5
POINT (-0.09098519999999999 51.5123443),City of London,sublocality_level_1,
POINT (-0.09098519999999999 51.5123443),City of London,locality,
POINT (-0.09098519999999999 51.5123443),City of London,sublocality,
POINT (-0.09098519999999999 51.5123443),City of London,political,
POINT (-0.1277583 51.5073509),London,locality,
POINT (-0.1277583 51.5073509),London,political,
POINT (-0.1167623 51.5058337),Royal Festival Hall,premise,
POINT (-0.1167623 51.5058337),Royal Festival Hall,point_of_interest,
POINT (-0.1167623 51.5058337),Royal Festival Hall,establishment,
POINT (-0.1291477 51.507329),"The Trafalgar St. James London, Curio Collection by Hilton",lodging,4.4
POINT (-0.1291477 51.507329),"The Trafalgar St. James London, Curio Collection by Hilton",point_of_interest,4.4
POINT (-0.1291477 51.507329),"The Trafalgar St. James London, Curio Collection by Hilton",establishment,4.4
POINT (-0.1310822 51.5082575),Haymarket Hotel,lodging,4.6
POINT (-0.1310822 51.5082575),Haymarket Hotel,point_of_interest,4.6
POINT (-0.1310822 51.5082575),Haymarket Hotel,establishment,4.6
POINT (-0.124743 51.5084092),Amba Hotel Charing Cross,bar,4.5
POINT (-0.124743 51.5084092),Amba Hotel Charing Cross,lodging,4.5
POINT (-0.124743 51.5084092),Amba Hotel Charing Cross,point_of_interest,4.5
POINT (-0.124743 51.5084092),Amba Hotel Charing Cross,establishment,4.5
POINT (-0.1297669 51.50986690000001),"Radisson Blu Edwardian, Hampshire",lodging,4.3
POINT (-0.1297669 51.50986690000001),"Radisson Blu Edwardian, Hampshire",point_of_interest,4.3
POINT (-0.1297669 51.50986690000001),"Radisson Blu Edwardian, Hampshire",establishment,4.3
POINT (-0.1246815 51.50709869999999),Citadines Trafalgar Square London,real_estate_agency,4.2
POINT (-0.1246815 51.50709869999999),Citadines Trafalgar Square London,lodging,4.2
POINT (-0.1246815 51.50709869999999),Citadines Trafalgar Square London,point_of_interest,4.2
POINT (-0.1246815 51.50709869999999),Citadines Trafalgar Square London,establishment,4.2
POINT (-0.1243777 51.5067575),Corinthia Hotel London,lodging,4.6
POINT (-0.1243777 51.5067575),Corinthia Hotel London,point_of_interest,4.6
POINT (-0.1243777 51.5067575),Corinthia Hotel London,establishment,4.6
POINT (-0.1323289 51.507583),Sofitel London St James,spa,4.6
POINT (-0.1323289 51.507583),Sofitel London St James,bar,4.6
POINT (-0.1323289 51.507583),Sofitel London St James,lodging,4.6
POINT (-0.1323289 51.507583),Sofitel London St James,restaurant,4.6
POINT (-0.1323289 51.507583),Sofitel London St James,point_of_interest,4.6
POINT (-0.1323289 51.507583),Sofitel London St James,food,4.6
POINT (-0.1323289 51.507583),Sofitel London St James,establishment,4.6
POINT (-0.1315736 51.51021369999999),Thistle Piccadilly Hotel,bar,4.4
POINT (-0.1315736 51.51021369999999),Thistle Piccadilly Hotel,lodging,4.4
POINT (-0.1315736 51.51021369999999),Thistle Piccadilly Hotel,restaurant,4.4
POINT (-0.1315736 51.51021369999999),Thistle Piccadilly Hotel,point_of_interest,4.4
POINT (-0.1315736 51.51021369999999),Thistle Piccadilly Hotel,food,4.4
POINT (-0.1315736 51.51021369999999),Thistle Piccadilly Hotel,establishment,4.4
POINT (-0.1242874 51.5057775),The Royal Horseguards,lodging,4.5
POINT (-0.1242874 51.5057775),The Royal Horseguards,point_of_interest,4.5
POINT (-0.1242874 51.5057775),The Royal Horseguards,establishment,4.5
POINT (-0.1302996 51.5110378),Premier Inn London Leicester Square,lodging,4.2
POINT (-0.1302996 51.5110378),Premier Inn London Leicester Square,point_of_interest,4.2
POINT (-0.1302996 51.5110378),Premier Inn London Leicester Square,establishment,4.2
POINT (-0.1314287 51.51084299999999),W London - Leicester Square,lodging,4.2
POINT (-0.1314287 51.51084299999999),W London - Leicester Square,point_of_interest,4.2
POINT (-0.1314287 51.51084299999999),W London - Leicester Square,establishment,4.2
POINT (-0.1206062 51.510268),The Savoy,bar,4.7
POINT (-0.1206062 51.510268),The Savoy,lodging,4.7
POINT (-0.1206062 51.510268),The Savoy,restaurant,4.7
POINT (-0.1206062 51.510268),The Savoy,point_of_interest,4.7
POINT (-0.1206062 51.510268),The Savoy,food,4.7
POINT (-0.1206062 51.510268),The Savoy,establishment,4.7
POINT (-0.1363233 51.50947619999999),Le Méridien Piccadilly,lodging,4.1
POINT (-0.1363233 51.50947619999999),Le Méridien Piccadilly,point_of_interest,4.1
POINT (-0.1363233 51.50947619999999),Le Méridien Piccadilly,establishment,4.1
POINT (-0.1206784 51.5108951),Strand Palace Hotel,lodging,3.8
POINT (-0.1206784 51.5108951),Strand Palace Hotel,point_of_interest,3.8
POINT (-0.1206784 51.5108951),Strand Palace Hotel,establishment,3.8
POINT (-0.1296336 51.5135606),The Z Hotel Soho,lodging,4.1
POINT (-0.1296336 51.5135606),The Z Hotel Soho,point_of_interest,4.1
POINT (-0.1296336 51.5135606),The Z Hotel Soho,establishment,4.1
POINT (-0.1271077 51.5139308),"Radisson Blu Edwardian, Mercer Street",lodging,4.4
POINT (-0.1271077 51.5139308),"Radisson Blu Edwardian, Mercer Street",point_of_interest,4.4
POINT (-0.1271077 51.5139308),"Radisson Blu Edwardian, Mercer Street",establishment,4.4
POINT (-0.1379502 51.50786840000001),The Cavendish London,lodging,4.5
POINT (-0.1379502 51.50786840000001),The Cavendish London,point_of_interest,4.5
POINT (-0.1379502 51.50786840000001),The Cavendish London,establishment,4.5
POINT (-0.09098519999999999 51.5123443),City of London,sublocality_level_1,
POINT (-0.09098519999999999 51.5123443),City of London,locality,
POINT (-0.09098519999999999 51.5123443),City of London,sublocality,
POINT (-0.09098519999999999 51.5123443),City of London,political,
POINT (-0.1277583 51.5073509),London,locality,
POINT (-0.1277583 51.5073509),London,political,
POINT (-0.1167623 51.5058337),Royal Festival Hall,premise,
POINT (-0.1167623 51.5058337),Royal Festival Hall,point_of_interest,
POINT (-0.1167623 51.5058337),Royal Festival Hall,establishment,
POINT (-0.1291477 51.507329),"The Trafalgar St. James London, Curio Collection by Hilton",lodging,4.4
POINT (-0.1291477 51.507329),"The Trafalgar St. James London, Curio Collection by Hilton",point_of_interest,4.4
POINT (-0.1291477 51.507329),"The Trafalgar St. James London, Curio Collection by Hilton",establishment,4.4
POINT (-0.1310822 51.5082575),Haymarket Hotel,lodging,4.6
POINT (-0.1310822 51.5082575),Haymarket Hotel,point_of_interest,4.6
POINT (-0.1310822 51.5082575),Haymarket Hotel,establishment,4.6
POINT (-0.124743 51.5084092),Amba Hotel Charing Cross,bar,4.5
POINT (-0.124743 51.5084092),Amba Hotel Charing Cross,lodging,4.5
POINT (-0.124743 51.5084092),Amba Hotel Charing Cross,point_of_interest,4.5
POINT (-0.124743 51.5084092),Amba Hotel Charing Cross,establishment,4.5
POINT (-0.1297669 51.50986690000001),"Radisson Blu Edwardian, Hampshire",lodging,4.3
POINT (-0.1297669 51.50986690000001),"Radisson Blu Edwardian, Hampshire",point_of_interest,4.3
POINT (-0.1297669 51.50986690000001),"Radisson Blu Edwardian, Hampshire",establishment,4.3
POINT (-0.1246815 51.50709869999999),Citadines Trafalgar Square London,real_estate_agency,4.2
POINT (-0.1246815 51.50709869999999),Citadines Trafalgar Square London,lodging,4.2
POINT (-0.1246815 51.50709869999999),Citadines Trafalgar Square London,point_of_interest,4.2
POINT (-0.1246815 51.50709869999999),Citadines Trafalgar Square London,establishment,4.2
POINT (-0.1243777 51.5067575),Corinthia Hotel London,lodging,4.6
POINT (-0.1243777 51.5067575),Corinthia Hotel London,point_of_interest,4.6
POINT (-0.1243777 51.5067575),Corinthia Hotel London,establishment,4.6
POINT (-0.1323289 51.507583),Sofitel London St James,spa,4.6
POINT (-0.1323289 51.507583),Sofitel London St James,bar,4.6
POINT (-0.1323289 51.507583),Sofitel London St James,lodging,4.6
POINT (-0.1323289 51.507583),Sofitel London St James,restaurant,4.6
POINT (-0.1323289 51.507583),Sofitel London St James,point_of_interest,4.6
POINT (-0.1323289 51.507583),Sofitel London St James,food,4.6
POINT (-0.1323289 51.507583),Sofitel London St James,establishment,4.6
POINT (-0.1315736 51.51021369999999),Thistle Piccadilly Hotel,bar,4.4
POINT (-0.1315736 51.51021369999999),Thistle Piccadilly Hotel,lodging,4.4
POINT (-0.1315736 51.51021369999999),Thistle Piccadilly Hotel,restaurant,4.4
POINT (-0.1315736 51.51021369999999),Thistle Piccadilly Hotel,point_of_interest,4.4
POINT (-0.1315736 51.51021369999999),Thistle Piccadilly Hotel,food,4.4
POINT (-0.1315736 51.51021369999999),Thistle Piccadilly Hotel,establishment,4.4
POINT (-0.1242874 51.5057775),The Royal Horseguards,lodging,4.5
POINT (-0.1242874 51.5057775),The Royal Horseguards,point_of_interest,4.5
POINT (-0.1242874 51.5057775),The Royal Horseguards,establishment,4.5
POINT (-0.1302996 51.5110378),Premier Inn London Leicester Square,lodging,4.2
POINT (-0.1302996 51.5110378),Premier Inn London Leicester Square,point_of_interest,4.2
POINT (-0.1302996 51.5110378),Premier Inn London Leicester Square,establishment,4.2
POINT (-0.1314287 51.51084299999999),W London - Leicester Square,lodging,4.2
POINT (-0.1314287 51.51084299999999),W London - Leicester Square,point_of_interest,4.2
POINT (-0.1314287 51.51084299999999),W London - Leicester Square,establishment,4.2
POINT (-0.1206062 51.510268),The Savoy,bar,4.7
POINT (-0.1206062 51.510268),The Savoy,lodging,4.7
POINT (-0.1206062 51.510268),The Savoy,restaurant,4.7
POINT (-0.1206062 51.510268),The Savoy,point_of_interest,4.7
POINT (-0.1206062 51.510268),The Savoy,food,4.7
POINT (-0.1206062 51.510268),The Savoy,establishment,4.7
POINT (-0.1363233 51.50947619999999),Le Méridien Piccadilly,lodging,4.1
POINT (-0.1363233 51.50947619999999),Le Méridien Piccadilly,point_of_interest,4.1
POINT (-0.1363233 51.50947619999999),Le Méridien Piccadilly,establishment,4.1
POINT (-0.1206784 51.5108951),Strand Palace Hotel,lodging,3.8
POINT (-0.1206784 51.5108951),Strand Palace Hotel,point_of_interest,3.8
POINT (-0.1206784 51.5108951),Strand Palace Hotel,establishment,3.8
POINT (-0.1296336 51.5135606),The Z Hotel Soho,lodging,4.1
POINT (-0.1296336 51.5135606),The Z Hotel Soho,point_of_interest,4.1
POINT (-0.1296336 51.5135606),The Z Hotel Soho,establishment,4.1
POINT (-0.1271077 51.5139308),"Radisson Blu Edwardian, Mercer Street",lodging,4.4
POINT (-0.1271077 51.5139308),"Radisson Blu Edwardian, Mercer Street",point_of_interest,4.4
POINT (-0.1271077 51.5139308),"Radisson Blu Edwardian, Mercer Street",establishment,4.4
POINT (-0.1379502 51.50786840000001),The Cavendish London,lodging,4.5
POINT (-0.1379502 51.50786840000001),The Cavendish London,point_of_interest,4.5
POINT (-0.1379502 51.50786840000001),The Cavendish London,establishment,4.5
POINT (-0.09098519999999999 51.5123443),City of London,sublocality_level_1,
POINT (-0.09098519999999999 51.5123443),City of London,locality,
POINT (-0.09098519999999999 51.5123443),City of London,sublocality,
POINT (-0.09098519999999999 51.5123443),City of London,political,
POINT (-0.1277583 51.5073509),London,locality,
POINT (-0.1277583 51.5073509),London,political,
POINT (-0.1167623 51.5058337),Royal Festival Hall,premise,
POINT (-0.1167623 51.5058337),Royal Festival Hall,point_of_interest,
POINT (-0.1167623 51.5058337),Royal Festival Hall,establishment,
POINT (-0.1291477 51.507329),"The Trafalgar St. James London, Curio Collection by Hilton",lodging,4.4
POINT (-0.1291477 51.507329),"The Trafalgar St. James London, Curio Collection by Hilton",point_of_interest,4.4
POINT (-0.1291477 51.507329),"The Trafalgar St. James London, Curio Collection by Hilton",establishment,4.4
POINT (-0.1310822 51.5082575),Haymarket Hotel,lodging,4.6
POINT (-0.1310822 51.5082575),Haymarket Hotel,point_of_interest,4.6
POINT (-0.1310822 51.5082575),Haymarket Hotel,establishment,4.6
POINT (-0.124743 51.5084092),Amba Hotel Charing Cross,bar,4.5
POINT (-0.124743 51.5084092),Amba Hotel Charing Cross,lodging,4.5
POINT (-0.124743 51.5084092),Amba Hotel Charing Cross,point_of_interest,4.5
POINT (-0.124743 51.5084092),Amba Hotel Charing Cross,establishment,4.5
POINT (-0.1297669 51.50986690000001),"Radisson Blu Edwardian, Hampshire",lodging,4.3
POINT (-0.1297669 51.50986690000001),"Radisson Blu Edwardian, Hampshire",point_of_interest,4.3
POINT (-0.1297669 51.50986690000001),"Radisson Blu Edwardian, Hampshire",establishment,4.3
POINT (-0.1246815 51.50709869999999),Citadines Trafalgar Square London,real_estate_agency,4.2
POINT (-0.1246815 51.50709869999999),Citadines Trafalgar Square London,lodging,4.2
POINT (-0.1246815 51.50709869999999),Citadines Trafalgar Square London,point_of_interest,4.2
POINT (-0.1246815 51.50709869999999),Citadines Trafalgar Square London,establishment,4.2
POINT (-0.1243777 51.5067575),Corinthia Hotel London,lodging,4.6
POINT (-0.1243777 51.5067575),Corinthia Hotel London,point_of_interest,4.6
POINT (-0.1243777 51.5067575),Corinthia Hotel London,establishment,4.6
POINT (-0.1323289 51.507583),Sofitel London St James,spa,4.6
POINT (-0.1323289 51.507583),Sofitel London St James,bar,4.6
POINT (-0.1323289 51.507583),Sofitel London St James,lodging,4.6
POINT (-0.1323289 51.507583),Sofitel London St James,restaurant,4.6
POINT (-0.1323289 51.507583),Sofitel London St James,point_of_interest,4.6
POINT (-0.1323289 51.507583),Sofitel London St James,food,4.6
POINT (-0.1323289 51.507583),Sofitel London St James,establishment,4.6
POINT (-0.1315736 51.51021369999999),Thistle Piccadilly Hotel,bar,4.4
POINT (-0.1315736 51.51021369999999),Thistle Piccadilly Hotel,lodging,4.4
POINT (-0.1315736 51.51021369999999),Thistle Piccadilly Hotel,restaurant,4.4
POINT (-0.1315736 51.51021369999999),Thistle Piccadilly Hotel,point_of_interest,4.4
POINT (-0.1315736 51.51021369999999),Thistle Piccadilly Hotel,food,4.4
POINT (-0.1315736 51.51021369999999),Thistle Piccadilly Hotel,establishment,4.4
POINT (-0.1242874 51.5057775),The Royal Horseguards,lodging,4.5
POINT (-0.1242874 51.5057775),The Royal Horseguards,point_of_interest,4.5
POINT (-0.1242874 51.5057775),The Royal Horseguards,establishment,4.5
POINT (-0.1302996 51.5110378),Premier Inn London Leicester Square,lodging,4.2
POINT (-0.1302996 51.5110378),Premier Inn London Leicester Square,point_of_interest,4.2
POINT (-0.1302996 51.5110378),Premier Inn London Leicester Square,establishment,4.2
POINT (-0.1314287 51.51084299999999),W London - Leicester Square,lodging,4.2
POINT (-0.1314287 51.51084299999999),W London - Leicester Square,point_of_interest,4.2
POINT (-0.1314287 51.51084299999999),W London - Leicester Square,establishment,4.2
POINT (-0.1206062 51.510268),The Savoy,bar,4.7
POINT (-0.1206062 51.510268),The Savoy,lodging,4.7
POINT (-0.1206062 51.510268),The Savoy,restaurant,4.7
POINT (-0.1206062 51.510268),The Savoy,point_of_interest,4.7
POINT (-0.1206062 51.510268),The Savoy,food,4.7
POINT (-0.1206062 51.510268),The Savoy,establishment,4.7
POINT (-0.1363233 51.50947619999999),Le Méridien Piccadilly,lodging,4.1
POINT (-0.1363233 51.50947619999999),Le Méridien Piccadilly,point_of_interest,4.1
POINT (-0.1363233 51.50947619999999),Le Méridien Piccadilly,establishment,4.1
POINT (-0.1206784 51.5108951),Strand Palace Hotel,lodging,3.8
POINT (-0.1206784 51.5108951),Strand Palace Hotel,point_of_interest,3.8
POINT (-0.1206784 51.5108951),Strand Palace Hotel,establishment,3.8
POINT (-0.1296336 51.5135606),The Z Hotel Soho,lodging,4.1
POINT (-0.1296336 51.5135606),The Z Hotel Soho,point_of_interest,4.1
POINT (-0.1296336 51.5135606),The Z Hotel Soho,establishment,4.1
POINT (-0.1271077 51.5139308),"Radisson Blu Edwardian, Mercer Street",lodging,4.4
POINT (-0.1271077 51.5139308),"Radisson Blu Edwardian, Mercer Street",point_of_interest,4.4
POINT (-0.1271077 51.5139308),"Radisson Blu Edwardian, Mercer Street",establishment,4.4
POINT (-0.1379502 51.50786840000001),The Cavendish London,lodging,4.5
POINT (-0.1379502 51.50786840000001),The Cavendish London,point_of_interest,4.5
POINT (-0.1379502 51.50786840000001),The Cavendish London,establishment,4.5
POINT (-0.09098519999999999 51.5123443),City of London,sublocality_level_1,
POINT (-0.09098519999999999 51.5123443),City of London,locality,
POINT (-0.09098519999999999 51.5123443),City of London,sublocality,
POINT (-0.09098519999999999 51.5123443),City of London,political,
POINT (-0.1326377 51.5134565),Dean Street Townhouse,lodging,4.3
POINT (-0.1326377 51.5134565),Dean Street Townhouse,point_of_interest,4.3
POINT (-0.1326377 51.5134565),Dean Street Townhouse,establishment,4.3
POINT (-0.1270205 51.5145353),Covent Garden Hotel,lodging,4.4
POINT (-0.1270205 51.5145353),Covent Garden Hotel,restaurant,4.4
POINT (-0.1270205 51.5145353),Covent Garden Hotel,point_of_interest,4.4
POINT (-0.1270205 51.5145353),Covent Garden Hotel,food,4.4
POINT (-0.1270205 51.5145353),Covent Garden Hotel,establishment,4.4
POINT (-0.11934 51.5117908),One Aldwych Hotel,cafe,4.5
POINT (-0.11934 51.5117908),One Aldwych Hotel,spa,4.5
POINT (-0.11934 51.5117908),One Aldwych Hotel,bar,4.5
POINT (-0.11934 51.5117908),One Aldwych Hotel,lodging,4.5
POINT (-0.11934 51.5117908),One Aldwych Hotel,point_of_interest,4.5
POINT (-0.11934 51.5117908),One Aldwych Hotel,food,4.5
POINT (-0.11934 51.5117908),One Aldwych Hotel,establishment,4.5
POINT (-0.1318468 51.5143496),Hazlitt's,lodging,4.7
POINT (-0.1318468 51.5143496),Hazlitt's,point_of_interest,4.7
POINT (-0.1318468 51.5143496),Hazlitt's,establishment,4.7
POINT (-0.1183894 51.5114163),Hotel Strand Continental,lodging,3.4
POINT (-0.1183894 51.5114163),Hotel Strand Continental,point_of_interest,3.4
POINT (-0.1183894 51.5114163),Hotel Strand Continental,establishment,3.4
POINT (-0.1337131 51.5140799),The Soho Hotel,lodging,4.5
POINT (-0.1337131 51.5140799),The Soho Hotel,point_of_interest,4.5
POINT (-0.1337131 51.5140799),The Soho Hotel,establishment,4.5
POINT (-0.1219893 51.5139315),The Fielding Hotel,lodging,4.2
POINT (-0.1219893 51.5139315),The Fielding Hotel,point_of_interest,4.2
POINT (-0.1219893 51.5139315),The Fielding Hotel,establishment,4.2
POINT (-0.1189734 51.51253659999999),"The Waldorf Hilton, London",lodging,4.3
POINT (-0.1189734 51.51253659999999),"The Waldorf Hilton, London",point_of_interest,4.3
POINT (-0.1189734 51.51253659999999),"The Waldorf Hilton, London",establishment,4.3
POINT (-0.1383634 51.51162350000001),Karma Sanctum Soho London,lodging,4
POINT (-0.1383634 51.51162350000001),Karma Sanctum Soho London,point_of_interest,4
POINT (-0.1383634 51.51162350000001),Karma Sanctum Soho London,establishment,4
POINT (-0.1395295 51.50553129999999),DUKES LONDON,lodging,4.4
POINT (-0.1395295 51.50553129999999),DUKES LONDON,point_of_interest,4.4
POINT (-0.1395295 51.50553129999999),DUKES LONDON,establishment,4.4
POINT (-0.1402803 51.5061587),St. James's Hotel and Club - Mayfair London,lodging,4.4
POINT (-0.1402803 51.5061587),St. James's Hotel and Club - Mayfair London,restaurant,4.4
POINT (-0.1402803 51.5061587),St. James's Hotel and Club - Mayfair London,point_of_interest,4.4
POINT (-0.1402803 51.5061587),St. James's Hotel and Club - Mayfair London,food,4.4
POINT (-0.1402803 51.5061587),St. James's Hotel and Club - Mayfair London,establishment,4.4
POINT (-0.1403748 51.5055466),The Stafford London,lodging,4.6
POINT (-0.1403748 51.5055466),The Stafford London,point_of_interest,4.6
POINT (-0.1403748 51.5055466),The Stafford London,establishment,4.6
POINT (-0.1180601 51.5025661),Premier Inn London County Hall,lodging,4.3
POINT (-0.1180601 51.5025661),Premier Inn London County Hall,point_of_interest,4.3
POINT (-0.1180601 51.5025661),Premier Inn London County Hall,establishment,4.3
POINT (-0.1191256 51.5012548),London Marriott Hotel County Hall,lodging,4.4
POINT (-0.1191256 51.5012548),London Marriott Hotel County Hall,point_of_interest,4.4
POINT (-0.1191256 51.5012548),London Marriott Hotel County Hall,establishment,4.4
POINT (-0.1421113 51.509128),Brown's Hotel,lodging,4.4
POINT (-0.1421113 51.509128),Brown's Hotel,point_of_interest,4.4
POINT (-0.1421113 51.509128),Brown's Hotel,establishment,4.4
POINT (-0.142449 51.507658),Holiday Inn London Mayfair,bar,4
POINT (-0.142449 51.507658),Holiday Inn London Mayfair,lodging,4
POINT (-0.142449 51.507658),Holiday Inn London Mayfair,restaurant,4
POINT (-0.142449 51.507658),Holiday Inn London Mayfair,point_of_interest,4
POINT (-0.142449 51.507658),Holiday Inn London Mayfair,food,4
POINT (-0.142449 51.507658),Holiday Inn London Mayfair,establishment,4
POINT (-0.1290135 51.5172051),The Bloomsbury Hotel,lodging,4.4
POINT (-0.1290135 51.5172051),The Bloomsbury Hotel,point_of_interest,4.4
POINT (-0.1290135 51.5172051),The Bloomsbury Hotel,establishment,4.4
POINT (-0.1394682 51.5143566),Courthouse Hotel,spa,3.8
POINT (-0.1394682 51.5143566),Courthouse Hotel,bar,3.8
POINT (-0.1394682 51.5143566),Courthouse Hotel,lodging,3.8
POINT (-0.1394682 51.5143566),Courthouse Hotel,point_of_interest,3.8
POINT (-0.1394682 51.5143566),Courthouse Hotel,establishment,3.8
POINT (-0.1281835 51.5179152),"Radisson Blu Edwardian, Kenilworth",lodging,4.1
POINT (-0.1281835 51.5179152),"Radisson Blu Edwardian, Kenilworth",point_of_interest,4.1
POINT (-0.1281835 51.5179152),"Radisson Blu Edwardian, Kenilworth",establishment,4.1
POINT (-0.1338007 51.49893050000001),"St. Ermin's Hotel, Autograph Collection",lodging,4.5
POINT (-0.1338007 51.49893050000001),"St. Ermin's Hotel, Autograph Collection",point_of_interest,4.5
POINT (-0.1338007 51.49893050000001),"St. Ermin's Hotel, Autograph Collection",establishment,4.5
POINT (-0.1277583 51.5073509),London,locality,
POINT (-0.1277583 51.5073509),London,political,
POINT (-0.1167623 51.5058337),Royal Festival Hall,premise,
POINT (-0.1167623 51.5058337),Royal Festival Hall,point_of_interest,
POINT (-0.1167623 51.5058337),Royal Festival Hall,establishment,
POINT (-0.1291477 51.507329),"The Trafalgar St. James London, Curio Collection by Hilton",lodging,4.4
POINT (-0.1291477 51.507329),"The Trafalgar St. James London, Curio Collection by Hilton",point_of_interest,4.4
POINT (-0.1291477 51.507329),"The Trafalgar St. James London, Curio Collection by Hilton",establishment,4.4
POINT (-0.1310822 51.5082575),Haymarket Hotel,lodging,4.6
POINT (-0.1310822 51.5082575),Haymarket Hotel,point_of_interest,4.6
POINT (-0.1310822 51.5082575),Haymarket Hotel,establishment,4.6
POINT (-0.124743 51.5084092),Amba Hotel Charing Cross,bar,4.5
POINT (-0.124743 51.5084092),Amba Hotel Charing Cross,lodging,4.5
POINT (-0.124743 51.5084092),Amba Hotel Charing Cross,point_of_interest,4.5
POINT (-0.124743 51.5084092),Amba Hotel Charing Cross,establishment,4.5
POINT (-0.1297669 51.50986690000001),"Radisson Blu Edwardian, Hampshire",lodging,4.3
POINT (-0.1297669 51.50986690000001),"Radisson Blu Edwardian, Hampshire",point_of_interest,4.3
POINT (-0.1297669 51.50986690000001),"Radisson Blu Edwardian, Hampshire",establishment,4.3
POINT (-0.1246815 51.50709869999999),Citadines Trafalgar Square London,real_estate_agency,4.2
POINT (-0.1246815 51.50709869999999),Citadines Trafalgar Square London,lodging,4.2
POINT (-0.1246815 51.50709869999999),Citadines Trafalgar Square London,point_of_interest,4.2
POINT (-0.1246815 51.50709869999999),Citadines Trafalgar Square London,establishment,4.2
POINT (-0.1243777 51.5067575),Corinthia Hotel London,lodging,4.6
POINT (-0.1243777 51.5067575),Corinthia Hotel London,point_of_interest,4.6
POINT (-0.1243777 51.5067575),Corinthia Hotel London,establishment,4.6
POINT (-0.1323289 51.507583),Sofitel London St James,spa,4.6
POINT (-0.1323289 51.507583),Sofitel London St James,bar,4.6
POINT (-0.1323289 51.507583),Sofitel London St James,lodging,4.6
POINT (-0.1323289 51.507583),Sofitel London St James,restaurant,4.6
POINT (-0.1323289 51.507583),Sofitel London St James,point_of_interest,4.6
POINT (-0.1323289 51.507583),Sofitel London St James,food,4.6
POINT (-0.1323289 51.507583),Sofitel London St James,establishment,4.6
POINT (-0.1315736 51.51021369999999),Thistle Piccadilly Hotel,bar,4.4
POINT (-0.1315736 51.51021369999999),Thistle Piccadilly Hotel,lodging,4.4
POINT (-0.1315736 51.51021369999999),Thistle Piccadilly Hotel,restaurant,4.4
POINT (-0.1315736 51.51021369999999),Thistle Piccadilly Hotel,point_of_interest,4.4
POINT (-0.1315736 51.51021369999999),Thistle Piccadilly Hotel,food,4.4
POINT (-0.1315736 51.51021369999999),Thistle Piccadilly Hotel,establishment,4.4
POINT (-0.1242874 51.5057775),The Royal Horseguards,lodging,4.5
POINT (-0.1242874 51.5057775),The Royal Horseguards,point_of_interest,4.5
POINT (-0.1242874 51.5057775),The Royal Horseguards,establishment,4.5
POINT (-0.1302996 51.5110378),Premier Inn London Leicester Square,lodging,4.2
POINT (-0.1302996 51.5110378),Premier Inn London Leicester Square,point_of_interest,4.2
POINT (-0.1302996 51.5110378),Premier Inn London Leicester Square,establishment,4.2
POINT (-0.1314287 51.51084299999999),W London - Leicester Square,lodging,4.2
POINT (-0.1314287 51.51084299999999),W London - Leicester Square,point_of_interest,4.2
POINT (-0.1314287 51.51084299999999),W London - Leicester Square,establishment,4.2
POINT (-0.1206062 51.510268),The Savoy,bar,4.7
POINT (-0.1206062 51.510268),The Savoy,lodging,4.7
POINT (-0.1206062 51.510268),The Savoy,restaurant,4.7
POINT (-0.1206062 51.510268),The Savoy,point_of_interest,4.7
POINT (-0.1206062 51.510268),The Savoy,food,4.7
POINT (-0.1206062 51.510268),The Savoy,establishment,4.7
POINT (-0.1363233 51.50947619999999),Le Méridien Piccadilly,lodging,4.1
POINT (-0.1363233 51.50947619999999),Le Méridien Piccadilly,point_of_interest,4.1
POINT (-0.1363233 51.50947619999999),Le Méridien Piccadilly,establishment,4.1
POINT (-0.1206784 51.5108951),Strand Palace Hotel,lodging,3.8
POINT (-0.1206784 51.5108951),Strand Palace Hotel,point_of_interest,3.8
POINT (-0.1206784 51.5108951),Strand Palace Hotel,establishment,3.8
POINT (-0.1296336 51.5135606),The Z Hotel Soho,lodging,4.1
POINT (-0.1296336 51.5135606),The Z Hotel Soho,point_of_interest,4.1
POINT (-0.1296336 51.5135606),The Z Hotel Soho,establishment,4.1
POINT (-0.1271077 51.5139308),"Radisson Blu Edwardian, Mercer Street",lodging,4.4
POINT (-0.1271077 51.5139308),"Radisson Blu Edwardian, Mercer Street",point_of_interest,4.4
POINT (-0.1271077 51.5139308),"Radisson Blu Edwardian, Mercer Street",establishment,4.4
POINT (-0.1379502 51.50786840000001),The Cavendish London,lodging,4.5
POINT (-0.1379502 51.50786840000001),The Cavendish London,point_of_interest,4.5
POINT (-0.1379502 51.50786840000001),The Cavendish London,establishment,4.5
POINT (-0.09098519999999999 51.5123443),City of London,sublocality_level_1,
POINT (-0.09098519999999999 51.5123443),City of London,locality,
POINT (-0.09098519999999999 51.5123443),City of London,sublocality,
POINT (-0.09098519999999999 51.5123443),City of London,political,
POINT (-0.1326377 51.5134565),Dean Street Townhouse,lodging,4.3
POINT (-0.1326377 51.5134565),Dean Street Townhouse,point_of_interest,4.3
POINT (-0.1326377 51.5134565),Dean Street Townhouse,establishment,4.3
POINT (-0.1270205 51.5145353),Covent Garden Hotel,lodging,4.4
POINT (-0.1270205 51.5145353),Covent Garden Hotel,restaurant,4.4
POINT (-0.1270205 51.5145353),Covent Garden Hotel,point_of_interest,4.4
POINT (-0.1270205 51.5145353),Covent Garden Hotel,food,4.4
POINT (-0.1270205 51.5145353),Covent Garden Hotel,establishment,4.4
POINT (-0.11934 51.5117908),One Aldwych Hotel,cafe,4.5
POINT (-0.11934 51.5117908),One Aldwych Hotel,spa,4.5
POINT (-0.11934 51.5117908),One Aldwych Hotel,bar,4.5
POINT (-0.11934 51.5117908),One Aldwych Hotel,lodging,4.5
POINT (-0.11934 51.5117908),One Aldwych Hotel,point_of_interest,4.5
POINT (-0.11934 51.5117908),One Aldwych Hotel,food,4.5
POINT (-0.11934 51.5117908),One Aldwych Hotel,establishment,4.5
POINT (-0.1318468 51.5143496),Hazlitt's,lodging,4.7
POINT (-0.1318468 51.5143496),Hazlitt's,point_of_interest,4.7
POINT (-0.1318468 51.5143496),Hazlitt's,establishment,4.7
POINT (-0.1183894 51.5114163),Hotel Strand Continental,lodging,3.4
POINT (-0.1183894 51.5114163),Hotel Strand Continental,point_of_interest,3.4
POINT (-0.1183894 51.5114163),Hotel Strand Continental,establishment,3.4
POINT (-0.1337131 51.5140799),The Soho Hotel,lodging,4.5
POINT (-0.1337131 51.5140799),The Soho Hotel,point_of_interest,4.5
POINT (-0.1337131 51.5140799),The Soho Hotel,establishment,4.5
POINT (-0.1219893 51.5139315),The Fielding Hotel,lodging,4.2
POINT (-0.1219893 51.5139315),The Fielding Hotel,point_of_interest,4.2
POINT (-0.1219893 51.5139315),The Fielding Hotel,establishment,4.2
POINT (-0.1189734 51.51253659999999),"The Waldorf Hilton, London",lodging,4.3
POINT (-0.1189734 51.51253659999999),"The Waldorf Hilton, London",point_of_interest,4.3
POINT (-0.1189734 51.51253659999999),"The Waldorf Hilton, London",establishment,4.3
POINT (-0.1383634 51.51162350000001),Karma Sanctum Soho London,lodging,4
POINT (-0.1383634 51.51162350000001),Karma Sanctum Soho London,point_of_interest,4
POINT (-0.1383634 51.51162350000001),Karma Sanctum Soho London,establishment,4
POINT (-0.1395295 51.50553129999999),DUKES LONDON,lodging,4.4
POINT (-0.1395295 51.50553129999999),DUKES LONDON,point_of_interest,4.4
POINT (-0.1395295 51.50553129999999),DUKES LONDON,establishment,4.4
POINT (-0.1402803 51.5061587),St. James's Hotel and Club - Mayfair London,lodging,4.4
POINT (-0.1402803 51.5061587),St. James's Hotel and Club - Mayfair London,restaurant,4.4
POINT (-0.1402803 51.5061587),St. James's Hotel and Club - Mayfair London,point_of_interest,4.4
POINT (-0.1402803 51.5061587),St. James's Hotel and Club - Mayfair London,food,4.4
POINT (-0.1402803 51.5061587),St. James's Hotel and Club - Mayfair London,establishment,4.4
POINT (-0.1403748 51.5055466),The Stafford London,lodging,4.6
POINT (-0.1403748 51.5055466),The Stafford London,point_of_interest,4.6
POINT (-0.1403748 51.5055466),The Stafford London,establishment,4.6
POINT (-0.1180601 51.5025661),Premier Inn London County Hall,lodging,4.3
POINT (-0.1180601 51.5025661),Premier Inn London County Hall,point_of_interest,4.3
POINT (-0.1180601 51.5025661),Premier Inn London County Hall,establishment,4.3
POINT (-0.1191256 51.5012548),London Marriott Hotel County Hall,lodging,4.4
POINT (-0.1191256 51.5012548),London Marriott Hotel County Hall,point_of_interest,4.4
POINT (-0.1191256 51.5012548),London Marriott Hotel County Hall,establishment,4.4
POINT (-0.1421113 51.509128),Brown's Hotel,lodging,4.4
POINT (-0.1421113 51.509128),Brown's Hotel,point_of_interest,4.4
POINT (-0.1421113 51.509128),Brown's Hotel,establishment,4.4
POINT (-0.142449 51.507658),Holiday Inn London Mayfair,bar,4
POINT (-0.142449 51.507658),Holiday Inn London Mayfair,lodging,4
POINT (-0.142449 51.507658),Holiday Inn London Mayfair,restaurant,4
POINT (-0.142449 51.507658),Holiday Inn London Mayfair,point_of_interest,4
POINT (-0.142449 51.507658),Holiday Inn London Mayfair,food,4
POINT (-0.142449 51.507658),Holiday Inn London Mayfair,establishment,4
POINT (-0.1290135 51.5172051),The Bloomsbury Hotel,lodging,4.4
POINT (-0.1290135 51.5172051),The Bloomsbury Hotel,point_of_interest,4.4
POINT (-0.1290135 51.5172051),The Bloomsbury Hotel,establishment,4.4
POINT (-0.1394682 51.5143566),Courthouse Hotel,spa,3.8
POINT (-0.1394682 51.5143566),Courthouse Hotel,bar,3.8
POINT (-0.1394682 51.5143566),Courthouse Hotel,lodging,3.8
POINT (-0.1394682 51.5143566),Courthouse Hotel,point_of_interest,3.8
POINT (-0.1394682 51.5143566),Courthouse Hotel,establishment,3.8
POINT (-0.1281835 51.5179152),"Radisson Blu Edwardian, Kenilworth",lodging,4.1
POINT (-0.1281835 51.5179152),"Radisson Blu Edwardian, Kenilworth",point_of_interest,4.1
POINT (-0.1281835 51.5179152),"Radisson Blu Edwardian, Kenilworth",establishment,4.1
POINT (-0.1338007 51.49893050000001),"St. Ermin's Hotel, Autograph Collection",lodging,4.5
POINT (-0.1338007 51.49893050000001),"St. Ermin's Hotel, Autograph Collection",point_of_interest,4.5
POINT (-0.1338007 51.49893050000001),"St. Ermin's Hotel, Autograph Collection",establishment,4.5
POINT (-0.1308784 51.51759899999999),St giles hotel,lodging,3.6
POINT (-0.1308784 51.51759899999999),St giles hotel,point_of_interest,3.6
POINT (-0.1308784 51.51759899999999),St giles hotel,establishment,3.6
POINT (-0.1438752 51.50815730000001),The May Fair Hotel,lodging,4.4
POINT (-0.1438752 51.50815730000001),The May Fair Hotel,point_of_interest,4.4
POINT (-0.1438752 51.50815730000001),The May Fair Hotel,establishment,4.4
POINT (-0.1158639 51.5014482),Park Plaza County Hall London,spa,4.3
POINT (-0.1158639 51.5014482),Park Plaza County Hall London,gym,4.3
POINT (-0.1158639 51.5014482),Park Plaza County Hall London,lodging,4.3
POINT (-0.1158639 51.5014482),Park Plaza County Hall London,health,4.3
POINT (-0.1158639 51.5014482),Park Plaza County Hall London,point_of_interest,4.3
POINT (-0.1158639 51.5014482),Park Plaza County Hall London,establishment,4.3
POINT (-0.1451535 51.5064449),Flemings Mayfair,lodging,4.2
POINT (-0.1451535 51.5064449),Flemings Mayfair,point_of_interest,4.2
POINT (-0.1451535 51.5064449),Flemings Mayfair,establishment,4.2
POINT (-0.1373887 51.4986773),Taj 51 Buckingham Gate Suites and Residences,spa,4.6
POINT (-0.1373887 51.4986773),Taj 51 Buckingham Gate Suites and Residences,lodging,4.6
POINT (-0.1373887 51.4986773),Taj 51 Buckingham Gate Suites and Residences,point_of_interest,4.6
POINT (-0.1373887 51.4986773),Taj 51 Buckingham Gate Suites and Residences,establishment,4.6
POINT (-0.1372296 51.4985238),St. James' Court,lodging,4.4
POINT (-0.1372296 51.4985238),St. James' Court,point_of_interest,4.4
POINT (-0.1372296 51.4985238),St. James' Court,establishment,4.4
POINT (-0.1319172 51.5188555),My Bloomsbury,lodging,3.7
POINT (-0.1319172 51.5188555),My Bloomsbury,point_of_interest,3.7
POINT (-0.1319172 51.5188555),My Bloomsbury,establishment,3.7
POINT (-0.125992 51.50696900000001),The Grand At Trafalgar Square,bar,4.2
POINT (-0.125992 51.50696900000001),The Grand At Trafalgar Square,lodging,4.2
POINT (-0.125992 51.50696900000001),The Grand At Trafalgar Square,point_of_interest,4.2
POINT (-0.125992 51.50696900000001),The Grand At Trafalgar Square,establishment,4.2
POINT (-0.1348509 51.5184158),Charlotte Street Hotel,bar,4.4
POINT (-0.1348509 51.5184158),Charlotte Street Hotel,lodging,4.4
POINT (-0.1348509 51.5184158),Charlotte Street Hotel,restaurant,4.4
POINT (-0.1348509 51.5184158),Charlotte Street Hotel,point_of_interest,4.4
POINT (-0.1348509 51.5184158),Charlotte Street Hotel,food,4.4
POINT (-0.1348509 51.5184158),Charlotte Street Hotel,establishment,4.4
POINT (-0.1114111 51.50372429999999),The Wellington Hotel,bar,3.8
POINT (-0.1114111 51.50372429999999),The Wellington Hotel,lodging,3.8
POINT (-0.1114111 51.50372429999999),The Wellington Hotel,point_of_interest,3.8
POINT (-0.1114111 51.50372429999999),The Wellington Hotel,establishment,3.8
POINT (-0.1461144 51.5071657),The Washington Mayfair Hotel,gym,4
POINT (-0.1461144 51.5071657),The Washington Mayfair Hotel,lodging,4
POINT (-0.1461144 51.5071657),The Washington Mayfair Hotel,health,4
POINT (-0.1461144 51.5071657),The Washington Mayfair Hotel,point_of_interest,4
POINT (-0.1461144 51.5071657),The Washington Mayfair Hotel,establishment,4
POINT (-0.1295812 51.5175046),The Cheshire Hotel,lodging,2.9
POINT (-0.1295812 51.5175046),The Cheshire Hotel,restaurant,2.9
POINT (-0.1295812 51.5175046),The Cheshire Hotel,point_of_interest,2.9
POINT (-0.1295812 51.5175046),The Cheshire Hotel,food,2.9
POINT (-0.1295812 51.5175046),The Cheshire Hotel,establishment,2.9
POINT (-0.135526 51.518697),The Rathbone Hotel,lodging,4.2
POINT (-0.135526 51.518697),The Rathbone Hotel,point_of_interest,4.2
POINT (-0.135526 51.518697),The Rathbone Hotel,establishment,4.2
POINT (-0.118552 51.51187900000001),ME London,lodging,4.5
POINT (-0.118552 51.51187900000001),ME London,point_of_interest,4.5
POINT (-0.118552 51.51187900000001),ME London,establishment,4.5
POINT (-0.1239179 51.51956249999999),Grange Buckingham Hotel,lodging,4
POINT (-0.1239179 51.51956249999999),Grange Buckingham Hotel,point_of_interest,4
POINT (-0.1239179 51.51956249999999),Grange Buckingham Hotel,establishment,4
POINT (-0.1471358 51.5076899),The Chesterfield Mayfair,bar,4.6
POINT (-0.1471358 51.5076899),The Chesterfield Mayfair,lodging,4.6
POINT (-0.1471358 51.5076899),The Chesterfield Mayfair,restaurant,4.6
POINT (-0.1471358 51.5076899),The Chesterfield Mayfair,point_of_interest,4.6
POINT (-0.1471358 51.5076899),The Chesterfield Mayfair,food,4.6
POINT (-0.1471358 51.5076899),The Chesterfield Mayfair,establishment,4.6
POINT (-0.1259094 51.519944),Grange White Hall Hotel,bar,3.7
POINT (-0.1259094 51.519944),Grange White Hall Hotel,lodging,3.7
POINT (-0.1259094 51.519944),Grange White Hall Hotel,point_of_interest,3.7
POINT (-0.1259094 51.519944),Grange White Hall Hotel,establishment,3.7
POINT (-0.121119 51.519271),Grange Holborn Hotel,spa,4
POINT (-0.121119 51.519271),Grange Holborn Hotel,bar,4
POINT (-0.121119 51.519271),Grange Holborn Hotel,lodging,4
POINT (-0.121119 51.519271),Grange Holborn Hotel,restaurant,4
POINT (-0.121119 51.519271),Grange Holborn Hotel,point_of_interest,4
POINT (-0.121119 51.519271),Grange Holborn Hotel,food,4
POINT (-0.121119 51.519271),Grange Holborn Hotel,establishment,4
POINT (-0.1260993 51.5201759),Grange Blooms Hotel,bar,3.8
POINT (-0.1260993 51.5201759),Grange Blooms Hotel,lodging,3.8
POINT (-0.1260993 51.5201759),Grange Blooms Hotel,point_of_interest,3.8
POINT (-0.1260993 51.5201759),Grange Blooms Hotel,establishment,3.8
POINT (-0.1256957 51.52018100000001),The Montague on the Gardens,lodging,4.6
POINT (-0.1256957 51.52018100000001),The Montague on the Gardens,restaurant,4.6
POINT (-0.1256957 51.52018100000001),The Montague on the Gardens,point_of_interest,4.6
POINT (-0.1256957 51.52018100000001),The Montague on the Gardens,food,4.6
POINT (-0.1256957 51.52018100000001),The Montague on the Gardens,establishment,4.6
uNBw-V4ZYn-cXt4fc9Jw9Q,POINT (-0.12758 51.50954),National Portrait Gallery,4.5,188,1,arts
wDeBnvcwVI5rrMnKt-ATSA,POINT (-0.126866769172693 51.4907293031787),Tate Britain,4.5,127,1,arts
MIhWaS_eQbsS9AId-C419w,POINT (-0.09682952781520759 51.5176485154852),Museum Of London,4.0,114,1,arts
hF7L2L1pcPqNrE0js9xMDw,POINT (-0.153022552114862 51.5174316756205),The Wallace Collection,4.5,104,1,arts
V0IimLA1NLpbitl7SiOskA,POINT (-0.158737 51.490707),Saatchi Gallery,4.5,99,1,arts
Q0qaACk-ySyeqjFzdK94dg,POINT (-0.139058 51.514935),The Photographers' Gallery,4.5,47,1,arts
BDIpKgowzdAd3qqjSjOoOQ,POINT (-0.125438216602333 51.5176490927972),Camera Museum,4.0,44,1,arts
VL8v-jEvXXpPH7iZ8-lA6A,POINT (-0.175034 51.504749),Serpentine Galleries,4.0,44,1,arts
Ps63PCEsGOvHmSZjqijR5g,POINT (-0.126756 51.508793),St Martin in the Fields,4.5,44,1,arts
KibX1drMsr4bmfFYj5BkMw,POINT (-0.13033772564174 51.514867642482),The Crobar,4.0,41,1,arts
0PFHwv7drk8VCARhecpX0A,POINT (-0.0918525573030515 51.5070433706857),Clink Prison Museum,3.0,38,1,arts
942OQcUtfIjYE_XakkgdNA,POINT (-0.117566460750618 51.5115565765913),The Courtauld Gallery,4.5,34,1,arts
_bAZZTyvZTC1vTdfZlXGWA,POINT (-0.07007284597038969 51.5160847710173),Whitechapel Gallery,3.5,27,1,arts
5Ide-FVDXeXQ8cT4OXrxKA,POINT (-0.177454 51.548845),The Freud Museum,4.0,26,1,arts
6fOrTxGXuOCWklyNaaGrUQ,POINT (-0.0859307250688582 51.4463139325697),Dulwich Picture Gallery,4.0,25,1,arts
PBfLMXN2M0Nn0yorCcOnqg,POINT (-0.08864030000000001 51.5050713),The Old Operating Theatre,4.5,21,1,arts
AuRbCdbDEetUNlF6mIJpng,POINT (-0.053114 51.514333),The George Tavern,4.0,19,1,arts
blPVfo35hRTG-0YSwmw9uw,POINT (-0.0797796249389648 51.5051364249445),The Scoop at More London,4.5,18,1,arts
yMdbYof6WRVJFxOisxUdoA,POINT (-0.12518990987109 51.507801677738),Benjamin Franklin House,3.5,15,1,arts
aDM7ofXY4EfM8WvV7FVqkg,POINT (-0.0877742274352333 51.5140257143516),Bank Of England Museum,4.0,12,1,arts
z8ywlh1CGUeQVuhDDowsxA,POINT (-0.09636402128972101 51.571962074149),The Finsbury,4.0,12,1,arts
yckLgWUnrr2AdkDCfz4PKA,POINT (-0.121645615008902 51.5252097167853),The Foundling Museum,4.0,12,1,arts
48-U9KkcT09vEYpeD2CLRA,POINT (-0.16007 51.486013),National Army Museum,4.5,12,1,arts
lw9lEkGy_yvjQQoqWKB2AA,POINT (-0.1460565 51.5130575),Handel & Hendrix in London,4.5,12,1,arts
4oCsLusUzKXYwDJhMuOItQ,POINT (-0.136642456054688 51.5642660244139),The Hideaway,3.5,11,1,arts
NLABAUxiiVqkqLIOmkdneA,POINT (-0.0716229 51.5244724),The Brick Lane Gallery,2.0,11,1,arts
mfX3NkNRyhyB7W9F7uKAVA,POINT (-0.113720720506352 51.4616655419757),The Prince Albert,3.5,11,1,arts
1ykMbCK-N53D3jfjvCFlSA,POINT (-0.183591842651367 51.5510586247943),Camden Arts Centre,4.5,10,1,arts
XvV13V0vHowMUe4WaE1I2Q,POINT (-0.09492100000000001 51.530278),Victoria Miro Gallery,4.5,10,1,arts
1IfmFp49yxfCQwVEyymIyg,POINT (-0.1444712 51.5371325),Jewish Museum London,4.0,10,1,arts
SK_AoAnZmZoh-H1_Tv8Abw,POINT (-0.138446 51.557143),Boston Arms,3.0,10,1,arts
eXp-OnzLT6pi7idx97TP9Q,POINT (-0.08013099999999999 51.527616),Troy Bar & Restaurant,4.0,9,1,arts
DDnC20ZpVzy4GWDkNA_Xww,POINT (-0.05674 51.52968),Resistance Gallery,4.5,9,1,arts
BKxYg9gu-ROy8fVdVpImnw,POINT (-0.0921868670680626 51.5157564364027),Guildhall Art Gallery,4.5,9,1,arts
8u-RKYet2Ph_GIsuBW5bsw,POINT (-0.120335 51.534231),London Canal Museum,4.5,8,1,arts
CUJ_3VoaJ4bouNEQirg91g,POINT (-0.168133 51.5210862),Lisson Gallery,4.0,8,1,arts
v15tbk_tQ1cyyYNFqxfnDA,POINT (-0.075875 51.543285),Power Lunches Arts Cafe,3.5,8,1,arts
Iq7bIqtYXq9-i-UbpBdhMA,POINT (-0.1326435 51.5207403),RADA Studios,4.5,6,1,arts
rCaGvbZ-3Daw2R1wy6I3ow,POINT (-0.1004488 51.5438937),Estorick Collection,4.5,6,1,arts
EBNLAO1di9dHYePE4BTT3w,POINT (-0.153301 51.546202),The Zabludowicz Collection,4.5,6,1,arts
vtncqGQ0RGTCWNRGeKaOHA,POINT (-0.068554 51.468194),Small White Elephant,4.5,5,1,arts
wAisBSNKI6feFd2kQvBQ7w,POINT (-0.138404 51.526399),Camden Peoples Theatre,4.5,5,1,arts
BTvMIkafND9Gy4tYdbf6qw,POINT (-0.0428515 51.523859),Drapers Bar and Kitchen,3.0,5,1,arts
elfD9MftHSb8-gj7xuzzIw,POINT (-0.09492100000000001 51.530278),Parasol Unit,4.0,5,1,arts
1DMAgvbg5VXtZ4vewlt1Kw,POINT (-0.107047997415066 51.5486755371094),The Lamb,4.0,5,1,arts
tHkqxUBbtgfa8VDVqLCxTA,POINT (-0.116744 51.513976),LSE Student Union,3.5,4,1,arts
7DvrWDW500rWrKQliT_IeQ,POINT (-0.126998727402006 51.5137779806089),Seven Dials Club,4.0,4,1,arts
3xU718hYKIuwr_IbkgGdDQ,POINT (-0.1349588 51.5091499),Jermyn Street Theatre,4.0,4,1,arts
gdrl_P2Xo6MMvZltgyQ5hw,POINT (-0.056304931640625 51.5328821764466),DegreeArt,4.0,4,1,arts
5Mm78ZdTq-66yKhHi7oqIA,POINT (-0.0808073258652442 51.5038976218874),Unicorn Theatre,4.0,3,1,arts
QT-Ly7uUquK4kdi40Y0XcA,POINT (-0.056701 51.526549),10 Gales,5.0,3,1,arts
Vi-Q44sv1tqiGa-zlgT7cg,POINT (-0.10821 51.50806),gallery@oxo,3.5,3,1,arts
jGrkHRTaSCGBswcjg4qfMw,POINT (-0.130201 51.527087),The Crypt Gallery,3.5,3,1,arts
mvoqEu5WQSju90FCXEA3yg,POINT (-0.07804 51.546324),Subtitles,4.5,3,1,arts
rcMiC7eE7sGcVADUVZPAZw,POINT (-0.1139852 51.4618193),Photofusion Gallery,4.5,3,1,arts
hxvnZr9KaMgQCoYyIhHlKA,POINT (-0.187878 51.44179),Tara Theatre,4.5,3,1,arts
EhEzIcaAjMYQUd5feYaD0w,POINT (-0.05293 51.51436),Eastend Cabaret,4.5,2,1,arts
tyvMjNHcFH5li7B_7OwWkQ,POINT (-0.06291099999999999 51.493676),Vibe Gallery,4.0,2,1,arts
dp_tffydDipJ47rKVhSNcA,POINT (-0.141596 51.518446),Nettie Horn,4.0,2,1,arts
M_4a_IgILULJ1hMy1GNEPA,POINT (-0.08328000000000001 51.5262049),Red Gallery,3.0,2,1,arts
PdobJLPaB-Zz_mEbYX9r3g,POINT (-0.197963325130197 51.5517344256622),Monsters Of Art Studio And Gallery,5.0,2,1,arts
Gf7ocwPdS9HXKANzVCdL-A,POINT (-0.117566460750618 51.5115565765913),The Cortauld Gallery,4.5,2,1,arts
KlZuWEg60w8-i2RPNFNHzg,POINT (-0.0737111 51.5161928),Women's Library,5.0,2,1,arts
CHaoAdrKelz0cr4ABeyx9g,POINT (-0.110434 51.4877),Camera Club,4.0,2,1,arts
HpFjdqv4QN7o40RcEUMHKQ,POINT (-0.1093237 51.617336),The Inn On The Green,4.0,2,1,arts
Hd-brGpvUqU6_bz5sm01Sg,POINT (-0.127742007374763 51.510799407959),Tender Product,4.5,2,1,arts
w5n6I_NezWT13OTMx1CevQ,POINT (-0.0770500004291534 51.4739990234375),New Gallery London,5.0,1,1,arts
MrVPDXVO3Qgn6oWz2day2w,POINT (-0.0831572 51.5247955),71A,4.0,1,1,arts
GaKc5G8JS8XlMKsFxsp5Vg,POINT (-0.141448846557637 51.5891166710637),Bonafide Studio,1.0,1,1,arts
V3A9g_v0bvF_7hx84kVKSA,POINT (-0.105154 51.513349),St. Bride Foundation,4.0,1,1,arts
FwzmXKoDaImOYUzR3526EQ,POINT (-0.121472 51.5071),Embankment Pier,3.0,1,1,arts
1a1XBLdgMtMt6HiZcV2smQ,POINT (-0.1416344 51.5106097),Helly Nahmad Gallery,5.0,1,1,arts
mcTFQxWYsxPfyA69kULljQ,POINT (-0.09963 51.467019),The Junction,5.0,1,1,arts
4fBJnGpY1SUyCHgmkoq9DQ,POINT (-0.155793 51.474211),The Halo,5.0,1,1,arts
5rXUEcOAORmQtFLY_J5Wsg,POINT (-0.0390237 51.5312506),Magus & the Fool - Art Café,5.0,1,1,arts
4hncLFWWr3MbaZ2lkhS6FQ,POINT (-0.072462223470211 51.5251792682723),state51,5.0,1,1,arts
vys1I0xg3NWZL7pO8-X37w,POINT (-0.074741 51.51958),Spitalfields Art Market,3.0,1,1,arts
-m1Ci_mQ37BSK_6Eof2nLw,POINT (-0.137662913803746 51.5146462266357),Summer Show,4.0,1,1,arts
yDzDAmIcg9or-Bo08qietw,POINT (-0.0557798 51.5564188),Jackdaw,5.0,1,1,arts
GBSQSj8sehJZ2H7LXjefRw,POINT (-0.0747010136102655 51.565938821483),The Others,4.0,1,1,arts
my0RbO13hWmkde9CdHK97A,POINT (-0.0561063873108196 51.5369523332505),St Joseph's Hospice,5.0,1,1,arts
VuoFDflmZya7IEBcRtR1Vg,POINT (-0.216521318419733 51.4232730425922),Wimbledon Museum,4.0,1,1,arts
wD0BMblDiufinDO24o8x8Q,POINT (-0.0971089400017153 51.5081126650366),Shakespeare's Globe Theatre,4.5,238,2,arts
ppBpTDeBv9rOpunWbobFzw,POINT (-0.177414610229825 51.5009964375442),Royal Albert Hall,4.5,206,2,arts
jBI78K2wz_PcJMrF9rCDNg,POINT (-0.138359069824219 51.5346440882812),KOKO,4.0,158,2,arts
E43MdoA7zkZ6SnPjAJaTvA,POINT (-0.135575861793962 51.5106025898049),Brasserie Zédel,4.0,141,2,arts
PA45Xv1AQ1gFwXyqHWG2sQ,POINT (-0.1744201 51.4852959),Big Easy,3.5,139,2,arts
0W8xMW9SF1_3_6wFcILF-A,POINT (-0.150961 51.543409),Roundhouse,4.5,129,2,arts
yt20lJZzrxwFdN-guMMywA,POINT (-0.078913 51.526626),Cargo,3.0,117,2,arts
Px5vTIY3_lb6vJOnerjW8A,POINT (-0.19190476580433 51.488822437999),The Troubadour,4.0,91,2,arts
dyNKRpQAZexiob71s2QRLA,POINT (-0.139623144472486 51.5129631039042),Ain't Nothin' But...,4.0,91,2,arts
0tCrGhSN6aSrOUemGCVhxA,POINT (-0.08108854293823239 51.5222692197122),The Queen of Hoxton,3.5,78,2,arts
QWPofBYWbpZcG9AlHzBzCg,POINT (-0.121572 51.512018),London Transport Museum,4.5,76,2,arts
I0sKyehdq3iKZ6GI5K5Gag,POINT (-0.136678 51.509699),Caffé Concerto,2.5,66,2,arts
zZq2AZi2N1CJHRs1Gq5YfA,POINT (-0.120840203374542 51.5307732176212),Scala,4.0,65,2,arts
AJ7i8Xqyx70wpcTTcK4GFA,POINT (-0.117102253177384 51.5110614108427),Somerset House Terrace,4.5,65,2,arts
W2EVbmZJca4guJFNJQVNHw,POINT (-0.080219321432476 51.524399848824),The Old Blue Last,3.5,64,2,arts
-5iFMr_Ew9Tkz9iK5tNBMA,POINT (-0.130093499999995 51.5939065176711),Alexandra Palace,4.0,63,2,arts
_KHr_QRAn5-czkDkonAdhA,POINT (-0.140846 51.5174),The Social,4.0,61,2,arts
gyzSbHKhJLjj0CJEMR1IeA,POINT (-0.0715507998863814 51.5212392528136),93 Feet East,3.5,59,2,arts
Aio2pNR4PVRFiZuIlgaWbw,POINT (-0.073118 51.524355),Rich Mix,4.0,59,2,arts
WMr6ZMHGMimf7xrrknjW0A,POINT (-0.12877836869184 51.5114481358807),Hippodrome Casino,4.0,57,2,arts
gsTzOl5onquxvEcPxXE2Ow,POINT (-0.102769 51.54437),Union Chapel,4.5,55,2,arts
SHmIIdDRFrgeb5X2kc-l2g,POINT (-0.111874 51.531721),The Lexington,3.5,55,2,arts
AJzy_Wn5yMeOxoafw5_c5Q,POINT (-0.114903511888904 51.4651860270066),O2 Academy Brixton,4.0,55,2,arts
snqa93sqnx4A6Bsl26bibw,POINT (-0.081736889127628 51.528021687624),Zigfrid von Underbelly,3.5,53,2,arts
XvCXpbLFduvlpkai3k1ftA,POINT (-0.14556884765625 51.5374403159159),Dublin Castle,3.5,52,2,arts
6ElAuspoD2tc7VJnklwumA,POINT (-0.136493 51.514237),Barrio Central,4.0,50,2,arts
9KmxgynxkZbhXY_KNos3tw,POINT (-0.0781682810583805 51.5261481076847),Barrio Shoreditch,3.0,48,2,arts
HwVbQ7vTj_oQvBG2K0RYNQ,POINT (-0.10255137447907 51.538436085252),King's Head Pub and Theatre,4.0,47,2,arts
lwafeCny1UNnn3sz_SnPHg,POINT (-0.08021544877130141 51.5265204642608),The Blues Kitchen,4.0,46,2,arts
-OTKNdZDmWQWt2QDVW8ifA,POINT (-0.131019919103516 51.5063827265707),Institute Of Contemporary Arts,4.0,44,2,arts
SnMwJ5T7250B5547-4wI9A,POINT (-0.1430625 51.5396805),Electric Ballroom,4.0,43,2,arts
H3Kepde059LSnNhKy1Pjfg,POINT (-0.14921327694168 51.442671525594),The Bedford,4.0,43,2,arts
ElMhAz3L1a26RA-80dguZw,POINT (-0.0800395 51.5301725),The Macbeth,3.5,39,2,arts
jzeEriDLd6VJRleGmFG70w,POINT (-0.08016330000000001 51.5263),The Diner Shoreditch,3.0,39,2,arts
IhGa9JxvdGeZm-U-gVA3qw,POINT (-0.148471 51.542969),The Monarch,3.5,38,2,arts
JQivhGlwmxkeS7a-U-GgqA,POINT (-0.0667762756347656 51.5105854325666),Wilton's Music Hall,4.5,38,2,arts
OQ1dqIF73uP6O5noZP_7Eg,POINT (-0.080362003315629 51.527267010015),333 Mother Bar,2.5,37,2,arts
qrUbUrPBg7RL-bNzpzzxNQ,POINT (-0.113342337031209 51.4553348340329),Hootananny,4.0,36,2,arts
vDYVC5x9dSwCOZ78iDsRsg,POINT (-0.121945 51.4860659),Royal Vauxhall Tavern,4.0,35,2,arts
wGdq0DxcpSeYtwx6_fQjlA,POINT (-0.13323999941349 51.512020111084),Gielgud Theatre,4.5,35,2,arts
ZX8bphy_0wblveWa7aVl9g,POINT (-0.1507717 51.442982),The Exhibit,3.5,35,2,arts
b4iyNQQBX2X8a5lmsG7pCA,POINT (-0.106613 51.534469),O2 Academy Islington,3.5,34,2,arts
_I0XFcik7O0x4VEGeQIBCg,POINT (-0.130548 51.515096),The Borderline,4.0,33,2,arts
QriIZZXIIYRlzYG_HSGdJQ,POINT (-0.156518185947144 51.4925592283224),Royal Court Theatre,4.5,30,2,arts
LGWpJf_3EJbbk1qMNHf0ag,POINT (-0.1819652922312 51.47813751937),606 Club,4.5,30,2,arts
dwMtepKYg-2mhfizUJMVOg,POINT (-0.103971 51.546742),The Garage,4.0,29,2,arts
jUIAdIAN9ytcAwJG1iA09A,POINT (-0.130074470926743 51.5142404105761),The Cafe @ Foyles,3.5,29,2,arts
8-TgqWdGzKd-b0f11-MASQ,POINT (-0.076071 51.54871),Dalston Jazz Bar,4.0,28,2,arts
ivzqT09brZsYKEJZY9_qlA,POINT (-0.08544377932653401 51.525444588747),XOYO,3.5,28,2,arts
ggFS4NyB-iaVz6O3WVBCig,POINT (-0.0923129 51.5026956),Roxy Bar & Screen,3.5,28,2,arts
IrR3xFPYhYIpo-YkXyWY_A,POINT (-0.0747883560309078 51.5469106942846),Café Oto,4.0,28,2,arts
mM1b_zgmQ_Pyj8Gmc58Tpg,POINT (-0.12484073638916 51.4885783958466),Tamesis Dock,3.5,27,2,arts
ctxD2MTOQMsHcDmWJ8yL_Q,POINT (-0.14925982752823 51.543146724567),Barfly,3.0,27,2,arts
1ukDf0pCK-7KKqd5k99Tug,POINT (-0.129527 51.514441),Phoenix Theatre,4.0,27,2,arts
sKp0gkdde9hag6q6Xd36gw,POINT (-0.142984 51.539693),The Midnight Rebel Band,3.5,27,2,arts
r29hM7GQKkPyTslhtGVi3Q,POINT (-0.114824050446974 51.4615158361667),The Prince of Wales,3.5,26,2,arts
GLwlCe9dRDtRvjeQ-bBu-Q,POINT (-0.14065004384714 51.549771394244),The Oxford,3.5,26,2,arts
xSqj_nVc38rgTFkwP8_-YQ,POINT (-0.14318484710043 51.538732436501),Jazz Cafe,3.5,26,2,arts
qIilL4zehrFIFHqjoo_RCA,POINT (-0.166769027709961 51.4269222179313),Tooting Tram and Social,4.0,25,2,arts
Oyut7-L6RDFJJugIONB6Nw,POINT (-0.100755123837709 51.4527530528328),The Half Moon,4.0,25,2,arts
ShCehNi6-0Ml4Ag8Odbz4g,POINT (-0.1353042 51.5203316),Pollock's Toy Museum,4.0,25,2,arts
W45votnoN0D6Q1vU_GJrXg,POINT (-0.08374984517325861 51.5259291627647),Floripa,3.0,24,2,arts
hZ5e2XG2TEIR2E6MCrV6eA,POINT (-0.14199077760942 51.552239161752),The Forum,3.5,24,2,arts
ZsvAq-7mwVE4VBB4Q82jaQ,POINT (-0.17040910213262 51.462851913426),Project Orange,4.5,24,2,arts
JAQjDekk-DZ0qf5-3hDulA,POINT (-0.138423442840576 51.5568156548447),Aces & Eights,4.0,23,2,arts
haUR9ZH0sUgRfU0IDU4SMg,POINT (-0.127672 51.512847),St Martin's Theatre,4.0,23,2,arts
wBDgSt7pZZdijZrItCejKQ,POINT (-0.055035735750951 51.544696928041),Hackney Picturehouse,4.0,23,2,arts
h_7IqiB0uovINgGmy6tm-g,POINT (-0.11206571910713 51.4705975325762),Brixton Jamm,3.0,23,2,arts
oIVzGzHGAKMego1kxiREiQ,POINT (-0.123096 51.524132),Curzon Bloomsbury,4.0,23,2,arts
vbKuAz6Tmks7a1YV7NtxOw,POINT (-0.1034354 51.5432942),Hope & Anchor,3.5,23,2,arts
z5grj-cwjiDbp34AQhn3mA,POINT (-0.125271 51.51455),Mysteries,4.0,23,2,arts
rV1QQ9IDbHBnZf1j4mWwCg,POINT (-0.1059079 51.5314166),Old Red Lion Theatre Pub,4.0,23,2,arts
YUww5pa790cZUvcB2xWWWQ,POINT (-0.07792384182609099 51.52792278892),Catch,3.5,22,2,arts
oo_5sQOH7QPXr3XLH70zKA,POINT (-0.0713196999300147 51.5523861372771),Shacklewell Arms,3.5,21,2,arts
XSjMfPAc1EYi6NOLwJCzIA,POINT (-0.14234 51.499837),The Queen's Gallery,3.5,21,2,arts
3eveO99_LmScH1uodzua6g,POINT (-0.14565062803498 51.537438632465),Green Note,4.0,20,2,arts
UIRAgWIgLXzl1ds06hinGQ,POINT (-0.131048 51.514502),Jazz After Dark,4.0,20,2,arts
u1W5ey2MLwJKG3iKuF1EWg,POINT (-0.0752017300954 51.5515994924597),Birthdays,3.5,20,2,arts
X2eJEAutK0d8se1DQtE8Ag,POINT (-0.201921745849805 51.5170565400035),The Tabernacle,4.0,20,2,arts
ZTPkN8rpsxBZXmdqPOok6Q,POINT (-0.079559 51.561951),The Auld Shillelagh,4.0,19,2,arts
VNLP2npJ8mDkiNQBsJDzpw,POINT (-0.1327519 51.5650346),The Sitara,4.5,19,2,arts
xTxfLL3A_fMwf4wenht2uQ,POINT (-0.12766745324286 51.476471418827),Cavendish Arms,4.0,19,2,arts
3HxjeUQokXjaOWW9jQ8Zmw,POINT (-0.12570490374756 51.514008285739),Donmar Warehouse,4.5,19,2,arts
rl1OBMhuPiMPKcfbll-2wQ,POINT (-0.119120301986909 51.5122360690504),Novello Theatre,4.5,18,2,arts
CfI__Ue4eGDDdbEBfsw_fQ,POINT (-0.169394 51.463081),The Clapham Grand,3.5,18,2,arts
CDfe_f-au9t0yW2kyHNlzw,POINT (-0.144396403991396 51.5236776488928),229 The Venue,3.5,18,2,arts
USF_QQu1t8ohKG1DO3ntGQ,POINT (-0.08433300000000001 51.526634),Roadtrip & The Workshop,3.0,18,2,arts
LhgbfFGLYAyvQ9eumpFNNA,POINT (-0.0760137393303717 51.5423317678967),The Haggerston,3.5,18,2,arts
CyVB-PRwv3D8fJ3fGefcCA,POINT (-0.1508424 51.4753843),The Magic Garden,4.0,17,2,arts
u-ahUPDfBMqwx8gPcj3w0A,POINT (-0.20147 51.419208),New Wimbledon Theatre,4.0,17,2,arts
Msa04l7ji6q8MJYbKNLhuw,POINT (-0.108245629127386 51.5669706786338),The World's End,3.5,17,2,arts
EMejhJBIzMJLOoZJaONVzg,POINT (-0.1352633 51.5186328),Vagabond Wines,4.0,17,2,arts
cY8pGC0kCsDvdA7U8IS1lA,POINT (-0.163737103108435 51.5885134384397),Phoenix Cinema,4.5,17,2,arts
wycPFos1MOiV-yk5W6Dy2g,POINT (-0.205718 51.419587),Suburban Bar & Lounge,4.5,16,2,arts
CnAA_2-4wc_sEfdUxvJboA,POINT (-0.057529 51.534844),Victor Wynd Museum of Curiosities,4.0,16,2,arts
6sf0DvaZwIX1nr92GvdPVg,POINT (-0.07518080474243 51.550996571052),Efes Snooker Club,3.5,15,2,arts
BstsvsHMhZTF6FxO-bkhwQ,POINT (-0.206798 51.51786),Mau Mau Bar,3.5,15,2,arts
7vUcqYmzhgABVy0mCRb-WQ,POINT (-0.044002543242645 51.513046454246),Troxy,4.0,15,2,arts
80ssR7KwD1bAnVYVomG_BA,POINT (-0.172128288585462 51.4966547023093),Victoria and Albert Museum Shop,4.5,15,2,arts
Krzj4Qi8qmZIn7I6NNsfug,POINT (-0.14655590057373 51.541464179732),Dingwalls,4.0,15,2,arts
Krzj4Qi8qmZIn7I6NNsfug,POINT (-0.14655590057373 51.541464179732),Dingwalls,4.0,15,2,arts
tJqwJOvq773OntNzj9mYqw,POINT (-0.104026 51.536001),Ladybird Bar,3.0,15,2,arts
fGFugbqerxS0LccXeUG99A,POINT (-0.0951608 51.5081675),Tate Modern Members Room,3.5,14,2,arts
T_MbgY2hWQC6xil2BdSUVg,POINT (-0.102022786508314 51.5460543442144),The Hen & Chickens Theatre Bar,4.0,14,2,arts
EU2w26fjV2DshQHkBbSc2w,POINT (-0.1170948 51.4996224),Florence Nightingale Museum,4.0,14,2,arts
Xjr_6OGSfNilH0oe1HYU5Q,POINT (-0.07651670000000001 51.54932),The Vortex Jazz Club,4.0,14,2,arts
JcGMQaoEfPt_uSfjwPYixw,POINT (-0.103391147617971 51.4910865673158),Toulouse Lautrec,4.0,14,2,arts
8qvqsxVHTZXMwp6TiMtuPQ,POINT (-0.0668924 51.4679321),The Four Quarters,4.0,14,2,arts
bl2wd4uVPoInmK-Q7GkJ7w,POINT (-0.1349088 51.5144039),St Moritz Club,4.0,14,2,arts
whOwE0AVABg4q_JXDrMmeA,POINT (-0.14892 51.543273),Spiritual Caipirinha Bar,4.5,13,2,arts
M2s9vczXs_9yc93_0DxwyA,POINT (-0.038290506798089 51.529283973369),The Victoria,3.0,13,2,arts
gi3lb66G1DuCGZq-7tX76Q,POINT (-0.1482112 51.5165634),Wigmore Hall,4.5,12,2,arts
2fkSkgZQD2_ZmPzvdNOrLw,POINT (-0.202903747558594 51.4986047704421),Leighton House Museum,4.5,12,2,arts
SR8YJe1KLU24LOwCcVlo9w,POINT (-0.07968799999999999 51.474248),South London Gallery,4.5,12,2,arts
tAYOFuGc9kE5amJFB7gA0g,POINT (-0.127855539321899 51.51057875526),Watkins Books,4.5,12,2,arts
JBMiEW6dZGHCrkPvfLj5-w,POINT (-0.094433901913548 51.5046926426964),Menier Chocolate Factory,3.0,12,2,arts
PfxmtXgyG_CUlJfdr0pnAQ,POINT (-0.1458394 51.5412496),Lock 17 Jongleurs,3.5,12,2,arts
FQvG1O9GakLTYZKNdofjZQ,POINT (-0.112625621259212 51.5227696778631),PimpShuei,5.0,11,2,arts
NunbBkmzWSTAXdtKgNzpRQ,POINT (-0.086878003081986 51.537515055852),Rosemary Branch Theatre,4.0,11,2,arts
mKIIRPFjfQFMtnOb9GyhiQ,POINT (-0.184685 51.521171),The Canal Cafe Theatre,4.0,11,2,arts
gLPZAJNJmns1w7PY9Cj93g,POINT (-0.13397 51.517776),The Wheatsheaf,3.5,11,2,arts
3Vz2KpfGWEPY5hqPQ6iW1A,POINT (-0.135789 51.51312),The Society Club,4.5,11,2,arts
VAgJr5kzx23y-dEMO7hgHw,POINT (-0.114782525333122 51.4613079982434),Ritzy,4.5,11,2,arts
MZ7GVIhnKnCI2R30LyYvLA,POINT (-0.06922599673271181 51.5293464660645),Nelly Duff,4.5,10,2,arts
aPJRB6UILokcDDcsNtjwzQ,POINT (-0.12446901679688 51.522852454869),The Horse Hospital,4.0,10,2,arts
Ff3hdp0QqRsNiODGd7f0sg,POINT (-0.10144 51.5388637),Little Angel,4.5,9,2,arts
6mpIrWQBOHbFjjwOYUNflQ,POINT (-0.116838 51.505777),London Wonderground,4.0,9,2,arts
obObIpGqDSSuRRyXGdUwAw,POINT (-0.142263960119093 51.4988158356587),The Other Palace,4.0,9,2,arts
YKn7DTekcgxdB6zFBYK0lQ,POINT (-0.1353599 51.5108549),Piccadilly Theatre,4.0,9,2,arts
eYxVQ0Mql4KdbsIBjNWY5g,POINT (-0.07480199999999999 51.552331),The Moustache Bar,3.5,9,2,arts
LaAv0iBVkiBcfcPAEF57Rw,POINT (-0.1168087 51.5406905),Meltdown,4.5,9,2,arts
LI69PEILAqAuWbpAq2zq5w,POINT (-0.116790601068872 51.4599600575252),Electric Brixton,3.0,9,2,arts
NwirTLOE30tNZ6OrP46vVA,POINT (-0.122138 51.534649),Kings Place,4.5,8,2,arts
uFRrwibwrjFPG9B-GohQAw,POINT (-0.1739364 51.4616443),Robin's Artisan Pizza,4.5,8,2,arts
EskI3TNOIU3uyAKsEilRVg,POINT (-0.0432596 51.5114288),Jamboree,4.0,8,2,arts
s8aiuW-IAx4jSnx8RUF4og,POINT (-0.1184159 51.5195474),Conway Hall,4.5,8,2,arts
TgzQ2DZR4eu8pxqpIpirkg,POINT (-0.090471 51.5062237),Bompas & Parr's Alcoholic Architecture,3.5,8,2,arts
6u3VM6KDfK1o16u_CQ-yYA,POINT (-0.1309394 51.4266968),Hideaway Jazz Cafe,4.0,8,2,arts
W3zRIiyNiJLi__NK-VMvaQ,POINT (-0.205176954717656 51.4203150413612),HMVCurzon Wimbledon,4.5,8,2,arts
rEFfX9q6Ki26eMEzJBuHDw,POINT (-0.13258571441719 51.524951106569),Bloomsbury Theatre,4.5,7,2,arts
ALvRNgGyiq0FnJVPA7Ig8A,POINT (-0.149375 51.53811),Cecil Sharp House,4.0,7,2,arts
jbWSa9bp5T6Pgvs0oXGArg,POINT (-0.128148 51.528654),Shaw Theatre,4.0,7,2,arts
HhDtUriN689AKAIz3i_NAg,POINT (-0.081363 51.52458),Pure Evil Gallery,3.5,7,2,arts
Z7q91330zms5YERNstowhQ,POINT (-0.113088 51.461868),Club 414,4.5,7,2,arts
iBnRjwsXh_GDuk9t3dRYew,POINT (-0.190309002995491 51.4811325073242),Under The Bridge,4.5,6,2,arts
UFzgsteVJgez2OMjUjSBfg,POINT (-0.0699801 51.5456506),The Victoria,2.5,6,2,arts
VPvWHwTBAhKymCkcwuehWQ,POINT (-0.113058354561645 51.5940154361274),Karamel Restaurant,3.0,6,2,arts
KlWevwPzMi2axiBa1hHSDw,POINT (-0.1594068 51.4914455),Taschen,4.5,6,2,arts
ICALUzXSD3soHh33Kylfbg,POINT (-0.08700085138670501 51.473076001976),Jazz Live At The Crypt,4.5,6,2,arts
CJtbJQ2aWjTsxaIy2H0dig,POINT (-0.057376827482178 51.538458112995),Space,4.5,6,2,arts
z_sLBksedMKkboD5v151pQ,POINT (-0.116913692773982 51.4934863161131),Newport Street Gallery,4.0,6,2,arts
fipR8hrTo8N9ZHc0VWoFGA,POINT (-0.190627 51.501461),Genji Sushi Bar,4.0,6,2,arts
jjYx9IGnenkmPNneZpM83w,POINT (-0.116131 51.587984),The Great Northern Railway Tavern,3.5,6,2,arts
jYvRwQQpSl-ydGu6IPblAw,POINT (-0.068008 51.469866),The CLF Art Cafe,4.0,5,2,arts
LkVLixPUPIRgXUKtSWEz4A,POINT (-0.1655992 51.5173217),The Victoria,3.0,5,2,arts
VBO0oSm1CKrIxhv1drg_PA,POINT (-0.1158218 51.5029977),South Bank Centre,4.0,5,2,arts
iyFZF8lYVtwbRstt_lgTsA,POINT (-0.129185006022453 51.515308380127),AlleyCat Club,3.0,5,2,arts
G5vr6Yr-ZJ_lE1IAVKYEFw,POINT (-0.0547347 51.4394455),canvas and cream,5.0,5,2,arts
SLO_TdQv5LLJwPP-pgmtZQ,POINT (-0.10821 51.50806),Bargehouse,5.0,5,2,arts
ABrvGaWL1-u9KlxYd2rDBw,POINT (-0.0809207 51.5268157),Old Street Records,3.0,5,2,arts
s2lzUcM6gUgGNaM1m4joyw,POINT (-0.174502621022071 51.4879811970778),Chelsea Arts Club,4.5,4,2,arts
8dRL9p4TAuickCWe0_GDMg,POINT (-0.11343 51.5009995),House Of VANS London,4.0,4,2,arts
p4DcgIPdf89RO1WskybiyQ,POINT (-0.1509869992733 51.4445686340332),The Wine Tasting Shop,5.0,4,2,arts
M56PYH0Ini2pD6mwfgUllQ,POINT (-0.112232 51.511642),Two Temple Place,5.0,4,2,arts
TiOaSiJ9wwVm3JVjXmQElw,POINT (-0.13324 51.512019),The Curious Incident of the Dog In the Night-Time,4.5,4,2,arts
449NqriICUkWfdFjAOrL4w,POINT (-0.132074 51.51691),Sevilla Mia,4.5,4,2,arts
1D6PTAE4mWW3m1s_Yh6szA,POINT (-0.07253900000000001 51.531582),Folkore,4.0,4,2,arts
QPAhDGOc0V72RLQeHyw7Hg,POINT (-0.20657 51.507156),Nicolas,4.5,4,2,arts
jaw3GxHkmQf0x5UeCz676g,POINT (-0.136631 51.514366),16mm,4.5,4,2,arts
g6hW5iJIM1g1dtJt0iRCtg,POINT (-0.123858 51.506051),National Liberal Club,4.5,4,2,arts
CsHJcG7a1iwHPAb2JwRCGw,POINT (-0.145453 51.508292),Lansdowne Club,3.0,3,2,arts
KBTSgGRAsvliYtt6rcJOsA,POINT (-0.07672180000000001 51.5486422),Servant Jazz Quarters,4.5,3,2,arts
GEZWle0ThzDmiy9bscUsAw,POINT (-0.0772261619567871 51.5305929239808),Troyganic Cafe,3.5,3,2,arts
18-GSLEr1oEhNxUd6mzwrQ,POINT (-0.07185229999999999 51.5249409),Austin Gallery,4.5,3,2,arts
nspx3InPdY57TI2stZy_kA,POINT (-0.077566 51.488422),Thomas A Becket,4.5,3,2,arts
LesXbHd9eZTPDS_JLeGGrg,POINT (-0.206798 51.51786),The Muse at 269,4.5,3,2,arts
NIiTnbLT7F16VCcxNZOLdg,POINT (-0.1497459 51.5103995),Timothy Taylor,3.5,3,2,arts
aq5neLCE28dtyq8OXI4hlw,POINT (-0.105091 51.532232),Candid Arts Trust,4.0,3,2,arts
yI-9WYvuRSy-Ly7tj04YfA,POINT (-0.199130175214592 51.5141426461868),The Continental Pantry,4.5,3,2,arts
cMQWj1sS9B0RZ5VgYRYE_g,POINT (-0.102659732540928 51.5416247324842),Islington Assembly Hall,4.5,3,2,arts
V1sC9-8xg8mQwOQOVDQQrg,POINT (-0.070581 51.5255203),Espacio Gallery,4.5,3,2,arts
j1OGW2mmj2R6H_RmPr53LQ,POINT (-0.0620125 51.5365257),Noble Liquor,3.0,3,2,arts
M263CXkiDVicCOfsEFIUOQ,POINT (-0.1413428 51.5740336),Zelas Wines,3.5,3,2,arts
rLy2CHtHOiNT-mh7S6ls2g,POINT (-0.130317 51.426834),Hideaway,4.0,3,2,arts
Rn1JzerXLrqESbPOgvn5qQ,POINT (-0.130481 51.517433),Grosvenor Casino St Giles,2.5,3,2,arts
wo7yC0CenvVb6nV_jn8oKw,POINT (-0.206798002123833 51.5178604125977),Portobello Lounge,2.5,3,2,arts
GZgUEoF8KEpyWZlXR2VHzA,POINT (-0.0838899 51.5129238),Cheese at Leadenhall,4.5,3,2,arts
3ITSDQsTcOBsduydbUHErg,POINT (-0.0808998643982806 51.6165677500895),Millfield Theatre,4.0,3,2,arts
w--JRAoN3QfTsh5TgNxa3A,POINT (-0.1025389 51.5382668),King's Head Theatre,3.5,3,2,arts
RiEk4wDHQim8XaX9B_51wg,POINT (-0.1692918 51.524528),The Cockpit,4.5,3,2,arts
misVjJ9NjgiiTaF8eBPisg,POINT (-0.129432678222656 51.5337364452469),DesVins Cafe & Wine Bar,1.0,3,2,arts
c1v7Niifty12aF8J6GH9lQ,POINT (-0.162217 51.513906),Victory Services Club,4.5,2,2,arts
_2Dwowf74xmcK9qRlExL4A,POINT (-0.1956822 51.5205399),Great Western Studios,5.0,2,2,arts
ku56-1bv_cT87LOicQW0mg,POINT (-0.13372 51.5150299),The Piano Bar,2.5,2,2,arts
neC0my6eS0K8ByOTWd4qrA,POINT (-0.0780735 51.5151138),Guitar Cities London,4.5,2,2,arts
51WfiOUYQ6KiH94DnXiIKQ,POINT (-0.107824 51.594234),H&M,4.0,2,2,arts
qOE1uKcpK9Lu297HBkBQAQ,POINT (-0.1012133 51.5233433),Electroacoustic Club,4.5,2,2,arts
_yCZjlilkxnL-bsjOCY6tQ,POINT (-0.12843 51.52384),Kingpin Suite,5.0,2,2,arts
9k3zDGGYjdHEuddo4furdQ,POINT (-0.136101 51.51077),The Crazy Coqs,4.5,2,2,arts
vY0J7A4iqABTb_km8wjt6g,POINT (-0.172543 51.496829),Hollywood Costume,5.0,2,2,arts
GvXRDN-tN60i8B8fYrXLMA,POINT (-0.0802457 51.5174761),New Street Wine Shop,3.0,2,2,arts
fnTqoacwbrnxCNOqyE8buA,POINT (-0.137034 51.510856),Source Below,5.0,2,2,arts
u4m6q5y7TUc6bmB-SajSGA,POINT (-0.055920708029331 51.534533215888),Vyner Street Gallery ,4.0,2,2,arts
N05ni488O0XQg3jBC_I70Q,POINT (-0.1407776 51.5526877),Patron Cave à Manger,4.5,2,2,arts
7ciduH76SbVfcmlicD-ZyA,POINT (-0.076265 51.5330734),Hundred Years Gallery,4.0,2,2,arts
4P-JlxSkcA--xPKJxDUOng,POINT (-0.155207219662862 51.4397548910323),Polish White Eagle Club,2.5,2,2,arts
IN-YMmJTSr2_Gyt0H0wiVg,POINT (-0.06760579999999999 51.5312424),291 Gallery,3.5,2,2,arts
jbobD4nFXpo1glmb8oGlEA,POINT (-0.1239801 51.5216228),Grosvenor Casino Russell Square,3.5,2,2,arts
nsX8OJiZneXzrH9hQBZJGg,POINT (-0.126128 51.552),Zed One,4.5,2,2,arts
6Xpd531ImpAyJqqcb6PZZA,POINT (-0.0837782 51.5291214),showcase55,4.5,2,2,arts
QuKM7j48UAJ8-iyr3Nzm2A,POINT (-0.0875956709340087 51.5465281131383),The Nave,4.0,2,2,arts
VmZIT0l4qXjHgSU_pyFujQ,POINT (-0.077621 51.5289841),Rolling Stock,4.0,2,2,arts
7q566H1oT-_Ix6yZjsD0Yg,POINT (-0.108337 51.565206),Oak N4,5.0,1,2,arts
d3HMzYKTwBvFJ2gm9xdUdw,POINT (-0.056304931640625 51.559563829385),The Depot Cafe & Art Space,3.0,1,2,arts
opqcUTebNtnP2zntn0eizA,POINT (-0.1708419 51.5171928),Tete a Tete,3.0,1,2,arts
6KsYBWcehVd3P5xnoavOCA,POINT (-0.07617500000000001 51.526051),Calvert 22 Foundation,5.0,1,2,arts
363AcrVmp8eDjt9hyR0_FA,POINT (-0.209854021668434 51.5181090918887),West Bank Gallery,3.0,1,2,arts
Ey2xfeHAWgpX7W5avswjJg,POINT (-0.083396 51.526295),Material,4.0,1,2,arts
TpPSvRCnKViYWAt_TYIncw,POINT (-0.20413131136386 51.5146177155576),Bottega Friulana,5.0,1,2,arts
2tzSYC7IRVJ6IGPdZDYzMQ,POINT (-0.16533 51.431008),Jasmin's,3.0,1,2,arts
sb5slHML9GFNTym9E4tpLw,POINT (-0.141781 51.5432111),Record Club,4.0,1,2,arts
sJkUsrTL9rVUXQV-CPcH-Q,POINT (-0.1216506 51.4082614),Nouvelle Dosti,1.0,1,2,arts
pOrMCZK8jHPO4Ljvu_jbfg,POINT (-0.1272568 51.510582),Storey's,5.0,1,2,arts
3K0Nc7s5y3nSCKuPoWG0gA,POINT (-0.1324709 51.5096468),Zouk Lambada UK,5.0,1,2,arts
KSMMMMYvB8BGnK4fUNi5YA,POINT (-0.0560233 51.5345857),VINEspace,3.0,1,2,arts
zwxz_tGWCTf2lYLYWMG5Qg,POINT (-0.102134 51.4529841997153),Off The Cuff,4.0,1,2,arts
HjDtNBW0C5UxN46zGml5qw,POINT (-0.0762498378753662 51.5168950498593),Leyden Gallery,5.0,1,2,arts
5CCZkE9YvDcISOy3TyvEiw,POINT (-0.12629 51.511044),Hugh's Gallery,5.0,1,2,arts
atG8nvI2nRwHVuzv5SqsnA,POINT (-0.075005 51.545798),Secret Dalston Location,3.0,1,2,arts
ye_7K2irBuiw2rrJ5c0xQA,POINT (-0.1929576 51.5264801),Pines and Needles Christmas Trees,5.0,1,2,arts
Pv6AEY6OlH4sI239k_QHfQ,POINT (-0.1354843 51.4606552),entice,3.0,1,2,arts
OKTVOj24BdnwJEu3yNz6Ow,POINT (-0.074584 51.5245749),Studio 1.1,3.0,1,2,arts
jxfnDye17xbWBImkifxfnA,POINT (-0.0559495389461517 51.5346392915021),limewharf,4.0,1,2,arts
hg-irPXIW-JPgXBpdtsNSg,POINT (-0.08051410000000001 51.5240021),Jealous Gallery,4.0,1,2,arts
q7OsrtZE-SoZ_dkFuUzTog,POINT (-0.3179136 51.5110057),Mind Body & Spirit,5.0,1,2,arts
WzMQv4AHZWqkyuTNtOZN9w,POINT (-0.1965386 51.4859428),London Cru,4.0,1,2,arts
Uzjg8dVFJfQikbU0aVT8Rg,POINT (-0.1101995 51.5508766),12 Bar Club,5.0,1,2,arts
PXskq_xvNxE6mN5z-wcaGA,POINT (-0.131531798142518 51.51469295905),Kiss The Girl Wine Dating,3.0,1,2,arts
QDhI-RZu5HUII3AzXBwuhQ,POINT (-0.08340500000000001 51.51269),Old Tom's Bar,2.0,1,2,arts
gIulzGPKVhXc294ax7EYbA,POINT (-0.195441506803036 51.5212463821326),Catherine Parkinson,5.0,1,2,arts
sfHwE2qYug0meAEOhnSaVA,POINT (-0.140739 51.572756),Caipirinha Jazz Bar,4.0,1,2,arts
qHsm05pclAo7l8vDW8b2mw,POINT (-0.139002 51.513136),All blue's bar,5.0,1,2,arts
0gQx_PUOiZxpYzo1GAJuTQ,POINT (-0.076672 51.548964),Vortex Downstairs,5.0,1,2,arts
iOeN_el6m3xmNvTsN-TukA,POINT (-0.0499848873840602 51.3968185908826),Tesco Stores,2.0,1,1,auto
x2eanWK8_-JT-eybqB6JHA,POINT (-0.1212327 51.5591961),City Leathers of London,4.0,2,2,auto
nah7RurWOH9jDoD-5tNp-w,POINT (-0.109624967213017 51.5210457523024),Fullcity,5.0,1,2,auto
