,category,coordinates,id,lat,lng,name,price_level,rating,review_count
0,arcades,POINT (-0.0668924 51.4679321),8qvqsxVHTZXMwp6TiMtuPQ,51.4679321,-0.0668924,The Four Quarters,2,4.0,14
1,arcades,POINT (-0.112625621259212 51.5227696778631),FQvG1O9GakLTYZKNdofjZQ,51.5227696778631,-0.112625621259212,PimpShuei,2,5.0,9
2,arcades,POINT (-0.190627 51.501461),fipR8hrTo8N9ZHc0VWoFGA,51.501461,-0.190627,Genji Sushi Bar,2,4.0,6
3,arcades,POINT (-0.11949535934287 51.5013133898353),IAIG4QvARG-qRDUcOjOmow,51.5013133898353,-0.11949535934287,Namco Funscape,3,3.0,23
4,arcades,POINT (-0.09893804169882971 51.494700415716),BC1KD_JwndRuP5EdBuvD9A,51.494700415716,-0.0989380416988297,The Coronet,3,3.5,13
5,galleries,POINT (-0.12758 51.50954),uNBw-V4ZYn-cXt4fc9Jw9Q,51.50954,-0.12758,National Portrait Gallery,1,4.5,189
6,galleries,POINT (-0.09682952781520759 51.5176485154852),MIhWaS_eQbsS9AId-C419w,51.5176485154852,-0.0968295278152076,Museum Of London,1,4.0,114
7,galleries,POINT (-0.153022552114862 51.5174316756205),hF7L2L1pcPqNrE0js9xMDw,51.5174316756205,-0.153022552114862,The Wallace Collection,1,4.5,104
8,galleries,POINT (-0.158737 51.490707),V0IimLA1NLpbitl7SiOskA,51.490707,-0.158737,Saatchi Gallery,1,4.5,99
9,galleries,POINT (-0.139058 51.514935),Q0qaACk-ySyeqjFzdK94dg,51.514935,-0.139058,The Photographers' Gallery,1,4.5,47
10,galleries,POINT (-0.175034 51.504749),VL8v-jEvXXpPH7iZ8-lA6A,51.504749,-0.175034,Serpentine Galleries,1,4.0,44
11,galleries,POINT (-0.0918525573030515 51.5070433706857),0PFHwv7drk8VCARhecpX0A,51.5070433706857,-0.0918525573030515,Clink Prison Museum,1,3.0,38
12,galleries,POINT (-0.117566460750618 51.5115565765913),942OQcUtfIjYE_XakkgdNA,51.5115565765913,-0.117566460750618,The Courtauld Gallery,1,4.5,34
13,galleries,POINT (-0.07007284597038969 51.5160847710173),_bAZZTyvZTC1vTdfZlXGWA,51.5160847710173,-0.0700728459703897,Whitechapel Gallery,1,3.5,27
14,galleries,POINT (-0.177454 51.548845),5Ide-FVDXeXQ8cT4OXrxKA,51.548845,-0.177454,The Freud Museum,1,4.0,26
15,galleries,POINT (-0.0859307250688582 51.4463139325697),6fOrTxGXuOCWklyNaaGrUQ,51.4463139325697,-0.0859307250688582,Dulwich Picture Gallery,1,4.0,25
16,galleries,POINT (-0.08864030000000001 51.5050713),PBfLMXN2M0Nn0yorCcOnqg,51.5050713,-0.0886403,The Old Operating Theatre,1,4.5,21
17,galleries,POINT (-0.007975100000000001 51.4790404),AVPhzb0mKoiLmC45HWHl-A,51.4790404,-0.0079751,The Fan Museum Trust,1,4.5,18
18,galleries,POINT (-0.008341537773016459 51.5840633321221),TJdjTGB0ub9mBnnAY9SpiA,51.5840633321221,-0.00834153777301646,Gods Own Junk Yard,1,4.5,16
19,galleries,POINT (-0.12518990987109 51.507801677738),yMdbYof6WRVJFxOisxUdoA,51.507801677738,-0.12518990987109,Benjamin Franklin House,1,3.5,15
20,galleries,POINT (-0.0877742274352333 51.5140257143516),aDM7ofXY4EfM8WvV7FVqkg,51.5140257143516,-0.0877742274352333,Bank Of England Museum,1,4.0,12
21,galleries,POINT (-0.16007 51.486013),48-U9KkcT09vEYpeD2CLRA,51.486013,-0.16007,National Army Museum,1,4.5,12
22,galleries,POINT (-0.1460565 51.5130575),lw9lEkGy_yvjQQoqWKB2AA,51.5130575,-0.1460565,Handel & Hendrix in London,1,4.5,12
23,galleries,POINT (-0.0716229 51.5244724),NLABAUxiiVqkqLIOmkdneA,51.5244724,-0.0716229,The Brick Lane Gallery,1,2.0,11
24,galleries,POINT (-0.183591842651367 51.5510586247943),1ykMbCK-N53D3jfjvCFlSA,51.5510586247943,-0.183591842651367,Camden Arts Centre,1,4.5,10
25,galleries,POINT (-0.09492100000000001 51.530278),XvV13V0vHowMUe4WaE1I2Q,51.530278,-0.094921,Victoria Miro Gallery,1,4.5,10
26,galleries,POINT (-0.1444712 51.5371325),1IfmFp49yxfCQwVEyymIyg,51.5371325,-0.1444712,Jewish Museum London,1,4.0,10
27,galleries,POINT (-0.05674 51.52968),DDnC20ZpVzy4GWDkNA_Xww,51.52968,-0.05674,Resistance Gallery,1,4.5,9
28,galleries,POINT (-0.0921868670680626 51.5157564364027),BKxYg9gu-ROy8fVdVpImnw,51.5157564364027,-0.0921868670680626,Guildhall Art Gallery,1,4.5,9
29,galleries,POINT (-0.120335 51.534231),8u-RKYet2Ph_GIsuBW5bsw,51.534231,-0.120335,London Canal Museum,1,4.5,8
30,galleries,POINT (-0.168133 51.5210862),CUJ_3VoaJ4bouNEQirg91g,51.5210862,-0.168133,Lisson Gallery,1,4.0,8
31,galleries,POINT (-0.020380074856059 51.5908999416466),OOIT6B6Yt1tdj2uSsiVzIA,51.5908999416466,-0.020380074856059,William Morris Gallery,1,4.0,7
32,galleries,POINT (-0.1004488 51.5438937),rCaGvbZ-3Daw2R1wy6I3ow,51.5438937,-0.1004488,Estorick Collection,1,4.5,6
33,galleries,POINT (-0.153301 51.546202),EBNLAO1di9dHYePE4BTT3w,51.546202,-0.153301,The Zabludowicz Collection,1,4.5,6
34,galleries,POINT (-0.068554 51.468194),vtncqGQ0RGTCWNRGeKaOHA,51.468194,-0.068554,Small White Elephant,1,4.5,5
35,galleries,POINT (-0.09492100000000001 51.530278),elfD9MftHSb8-gj7xuzzIw,51.530278,-0.094921,Parasol Unit,1,4.0,5
36,galleries,POINT (-0.056304931640625 51.5328821764466),gdrl_P2Xo6MMvZltgyQ5hw,51.5328821764466,-0.056304931640625,DegreeArt,1,4.0,4
37,galleries,POINT (-0.056701 51.526549),QT-Ly7uUquK4kdi40Y0XcA,51.526549,-0.056701,10 Gales,1,5.0,3
38,galleries,POINT (-0.10821 51.50806),Vi-Q44sv1tqiGa-zlgT7cg,51.50806,-0.10821,gallery@oxo,1,3.5,3
39,galleries,POINT (-0.130201 51.527087),jGrkHRTaSCGBswcjg4qfMw,51.527087,-0.130201,The Crypt Gallery,1,3.5,3
40,galleries,POINT (-0.07804 51.546324),mvoqEu5WQSju90FCXEA3yg,51.546324,-0.07804,Subtitles,1,4.5,3
41,galleries,POINT (-0.1139852 51.4618193),rcMiC7eE7sGcVADUVZPAZw,51.4618193,-0.1139852,Photofusion Gallery,1,4.5,3
42,galleries,POINT (-0.06291099999999999 51.493676),tyvMjNHcFH5li7B_7OwWkQ,51.493676,-0.062911,Vibe Gallery,1,4.0,2
43,galleries,POINT (-0.021134 51.540207),jmhGQutSo0s3EU5QEUuGrA,51.540207,-0.021134,Stour Space,1,4.0,2
44,galleries,POINT (-0.141596 51.518446),dp_tffydDipJ47rKVhSNcA,51.518446,-0.141596,Nettie Horn,1,4.0,2
45,galleries,POINT (-0.023148 51.542966),RkQTtIdpC8dA2n0kDTLbhw,51.542966,-0.023148,The Elevator Gallery,1,4.5,2
46,galleries,POINT (-0.08328000000000001 51.5262049),M_4a_IgILULJ1hMy1GNEPA,51.5262049,-0.08328,Red Gallery,1,3.0,2
47,galleries,POINT (-0.197963325130197 51.5517344256622),PdobJLPaB-Zz_mEbYX9r3g,51.5517344256622,-0.197963325130197,Monsters Of Art Studio And Gallery,1,5.0,2
48,galleries,POINT (-0.117566460750618 51.5115565765913),Gf7ocwPdS9HXKANzVCdL-A,51.5115565765913,-0.117566460750618,The Cortauld Gallery,1,4.5,2
49,galleries,POINT (-0.0737111 51.5161928),KlZuWEg60w8-i2RPNFNHzg,51.5161928,-0.0737111,Women's Library,1,5.0,2
50,galleries,POINT (-0.0231933 51.5424016),9jnQkelyf8TfHiypvujBwQ,51.5424016,-0.0231933,Schwartz Gallery,1,3.5,2
51,galleries,POINT (-0.110434 51.4877),CHaoAdrKelz0cr4ABeyx9g,51.4877,-0.110434,Camera Club,1,4.0,2
52,galleries,POINT (-0.127742007374763 51.510799407959),Hd-brGpvUqU6_bz5sm01Sg,51.510799407959,-0.127742007374763,Tender Product,1,4.5,2
53,galleries,POINT (-0.0770500004291534 51.4739990234375),w5n6I_NezWT13OTMx1CevQ,51.4739990234375,-0.0770500004291534,New Gallery London,1,5.0,1
54,galleries,POINT (-0.0831572 51.5247955),MrVPDXVO3Qgn6oWz2day2w,51.5247955,-0.0831572,71A,1,4.0,1
55,galleries,POINT (-0.0259554013609886 51.4747054155083),RIeJL0uMeFJyrcOUgElp9Q,51.4747054155083,-0.0259554013609886,Vinyl Deptford,1,5.0,1
56,galleries,POINT (-0.1416344 51.5106097),1a1XBLdgMtMt6HiZcV2smQ,51.5106097,-0.1416344,Helly Nahmad Gallery,1,5.0,1
57,galleries,POINT (-0.0390237 51.5312506),5rXUEcOAORmQtFLY_J5Wsg,51.5312506,-0.0390237,Magus & the Fool - Art Café,1,5.0,1
58,galleries,POINT (-0.074741 51.51958),vys1I0xg3NWZL7pO8-X37w,51.51958,-0.074741,Spitalfields Art Market,1,3.0,1
59,galleries,POINT (-0.137662913803746 51.5146462266357),-m1Ci_mQ37BSK_6Eof2nLw,51.5146462266357,-0.137662913803746,Summer Show,1,4.0,1
60,galleries,POINT (-0.0747010136102655 51.565938821483),GBSQSj8sehJZ2H7LXjefRw,51.565938821483,-0.0747010136102655,The Others,1,4.0,1
61,galleries,POINT (-0.216521318419733 51.4232730425922),VuoFDflmZya7IEBcRtR1Vg,51.4232730425922,-0.216521318419733,Wimbledon Museum,1,4.0,1
62,galleries,POINT (-0.121572 51.512018),QWPofBYWbpZcG9AlHzBzCg,51.512018,-0.121572,London Transport Museum,2,4.5,76
63,galleries,POINT (-0.117102253177384 51.5110614108427),AJ7i8Xqyx70wpcTTcK4GFA,51.5110614108427,-0.117102253177384,Somerset House Terrace,2,4.5,65
64,galleries,POINT (-0.073118 51.524355),Aio2pNR4PVRFiZuIlgaWbw,51.524355,-0.073118,Rich Mix,2,4.0,59
65,galleries,POINT (-0.131019919103516 51.5063827265707),-OTKNdZDmWQWt2QDVW8ifA,51.5063827265707,-0.131019919103516,Institute Of Contemporary Arts,2,4.0,44
66,galleries,POINT (-0.1353042 51.5203316),ShCehNi6-0Ml4Ag8Odbz4g,51.5203316,-0.1353042,Pollock's Toy Museum,2,4.0,25
67,galleries,POINT (-0.14234 51.499837),XSjMfPAc1EYi6NOLwJCzIA,51.499837,-0.14234,The Queen's Gallery,2,3.5,21
68,galleries,POINT (-0.201921745849805 51.5170565400035),X2eJEAutK0d8se1DQtE8Ag,51.5170565400035,-0.201921745849805,The Tabernacle,2,4.0,20
69,galleries,POINT (-0.172128288585462 51.4966547023093),80ssR7KwD1bAnVYVomG_BA,51.4966547023093,-0.172128288585462,Victoria and Albert Museum Shop,2,4.5,15
70,galleries,POINT (-0.0951608 51.5081675),fGFugbqerxS0LccXeUG99A,51.5081675,-0.0951608,Tate Modern Members Room,2,3.5,14
71,galleries,POINT (-0.1170948 51.4996224),EU2w26fjV2DshQHkBbSc2w,51.4996224,-0.1170948,Florence Nightingale Museum,2,4.0,14
72,galleries,POINT (-0.009072 51.481164),RYus9YxVxD-R8jm6xkDX8g,51.481164,-0.009072,Red Door,2,4.0,14
73,galleries,POINT (-0.202903747558594 51.4986047704421),2fkSkgZQD2_ZmPzvdNOrLw,51.4986047704421,-0.202903747558594,Leighton House Museum,2,4.5,12
74,galleries,POINT (-0.07968799999999999 51.474248),SR8YJe1KLU24LOwCcVlo9w,51.474248,-0.079688,South London Gallery,2,4.5,12
75,galleries,POINT (-0.135789 51.51312),3Vz2KpfGWEPY5hqPQ6iW1A,51.51312,-0.135789,The Society Club,2,4.5,11
76,galleries,POINT (-0.06922599673271181 51.5293464660645),MZ7GVIhnKnCI2R30LyYvLA,51.5293464660645,-0.0692259967327118,Nelly Duff,2,4.5,10
77,galleries,POINT (-0.12446901679688 51.522852454869),aPJRB6UILokcDDcsNtjwzQ,51.522852454869,-0.12446901679688,The Horse Hospital,2,4.0,10
78,galleries,POINT (-0.122138 51.534649),NwirTLOE30tNZ6OrP46vVA,51.534649,-0.122138,Kings Place,2,4.5,8
79,galleries,POINT (-0.081363 51.52458),HhDtUriN689AKAIz3i_NAg,51.52458,-0.081363,Pure Evil Gallery,2,3.5,7
80,galleries,POINT (-0.0201982 51.5914),VXbAfacFisr7CYqMtr4z3w,51.5914,-0.0201982,William Morris Gallery Tea Room,2,4.0,6
81,galleries,POINT (-0.057376827482178 51.538458112995),CJtbJQ2aWjTsxaIy2H0dig,51.538458112995,-0.057376827482178,Space,2,4.5,6
82,galleries,POINT (-0.116913692773982 51.4934863161131),z_sLBksedMKkboD5v151pQ,51.4934863161131,-0.116913692773982,Newport Street Gallery,2,4.0,6
83,galleries,POINT (-0.0547347 51.4394455),G5vr6Yr-ZJ_lE1IAVKYEFw,51.4394455,-0.0547347,canvas and cream,2,5.0,5
84,galleries,POINT (-0.10821 51.50806),SLO_TdQv5LLJwPP-pgmtZQ,51.50806,-0.10821,Bargehouse,2,5.0,5
85,galleries,POINT (-0.112232 51.511642),M56PYH0Ini2pD6mwfgUllQ,51.511642,-0.112232,Two Temple Place,2,5.0,4
86,galleries,POINT (-0.07185229999999999 51.5249409),18-GSLEr1oEhNxUd6mzwrQ,51.5249409,-0.0718523,Austin Gallery,2,4.5,3
87,galleries,POINT (-0.206798 51.51786),LesXbHd9eZTPDS_JLeGGrg,51.51786,-0.206798,The Muse at 269,2,4.5,3
88,galleries,POINT (-0.1497459 51.5103995),NIiTnbLT7F16VCcxNZOLdg,51.5103995,-0.1497459,Timothy Taylor,2,3.5,3
89,galleries,POINT (-0.105091 51.532232),aq5neLCE28dtyq8OXI4hlw,51.532232,-0.105091,Candid Arts Trust,2,4.0,3
90,galleries,POINT (-0.070581 51.5255203),V1sC9-8xg8mQwOQOVDQQrg,51.5255203,-0.070581,Espacio Gallery,2,4.5,3
91,galleries,POINT (-0.1956822 51.5205399),_2Dwowf74xmcK9qRlExL4A,51.5205399,-0.1956822,Great Western Studios,2,5.0,2
92,galleries,POINT (-0.107824 51.594234),51WfiOUYQ6KiH94DnXiIKQ,51.594234,-0.107824,H&M,2,4.0,2
93,galleries,POINT (-0.1388583 51.3197566),yz1281O1-WPXBlV9tCVgQA,51.3197566,-0.1388583,Art Rebellion,2,4.0,2
94,galleries,POINT (-0.172543 51.496829),vY0J7A4iqABTb_km8wjt6g,51.496829,-0.172543,Hollywood Costume,2,5.0,2
95,galleries,POINT (-0.055920708029331 51.534533215888),u4m6q5y7TUc6bmB-SajSGA,51.534533215888,-0.055920708029331,Vyner Street Gallery ,2,4.0,2
96,galleries,POINT (-0.076265 51.5330734),7ciduH76SbVfcmlicD-ZyA,51.5330734,-0.076265,Hundred Years Gallery,2,4.0,2
97,galleries,POINT (-0.06760579999999999 51.5312424),IN-YMmJTSr2_Gyt0H0wiVg,51.5312424,-0.0676058,291 Gallery,2,3.5,2
98,galleries,POINT (-0.219249799847603 51.5114722536533),m-JFrPMpMBQAIcCsMUhLxA,51.5114722536533,-0.219249799847603,Griffin Gallery,2,4.0,2
99,galleries,POINT (-0.077621 51.5289841),VmZIT0l4qXjHgSU_pyFujQ,51.5289841,-0.077621,Rolling Stock,2,4.0,2
100,galleries,POINT (-0.07617500000000001 51.526051),6KsYBWcehVd3P5xnoavOCA,51.526051,-0.076175,Calvert 22 Foundation,2,5.0,1
101,galleries,POINT (-0.056304931640625 51.559563829385),d3HMzYKTwBvFJ2gm9xdUdw,51.559563829385,-0.056304931640625,The Depot Cafe & Art Space,2,3.0,1
102,galleries,POINT (-0.209854021668434 51.5181090918887),363AcrVmp8eDjt9hyR0_FA,51.5181090918887,-0.209854021668434,West Bank Gallery,2,3.0,1
103,galleries,POINT (-0.083396 51.526295),Ey2xfeHAWgpX7W5avswjJg,51.526295,-0.083396,Material,2,4.0,1
104,galleries,POINT (-0.1272568 51.510582),pOrMCZK8jHPO4Ljvu_jbfg,51.510582,-0.1272568,Storey's,2,5.0,1
105,galleries,POINT (-0.0560233 51.5345857),KSMMMMYvB8BGnK4fUNi5YA,51.5345857,-0.0560233,VINEspace,2,3.0,1
106,galleries,POINT (-0.0762498378753662 51.5168950498593),HjDtNBW0C5UxN46zGml5qw,51.5168950498593,-0.0762498378753662,Leyden Gallery,2,5.0,1
107,galleries,POINT (-0.12629 51.511044),5CCZkE9YvDcISOy3TyvEiw,51.511044,-0.12629,Hugh's Gallery,2,5.0,1
108,galleries,POINT (-0.2183684 51.4673347),N00-uCE0su28f5G30n8Diw,51.4673347,-0.2183684,The Political Cartoon Gallery,2,4.0,1
109,galleries,POINT (-0.022186 51.591043),FVttjZ7vfe1O43Gneyce-w,51.591043,-0.022186,William Morris Gallery,2,3.0,1
110,galleries,POINT (-0.074584 51.5245749),OKTVOj24BdnwJEu3yNz6Ow,51.5245749,-0.074584,Studio 1.1,2,3.0,1
111,galleries,POINT (-0.08051410000000001 51.5240021),hg-irPXIW-JPgXBpdtsNSg,51.5240021,-0.0805141,Jealous Gallery,2,4.0,1
112,galleries,POINT (-0.195441506803036 51.5212463821326),gIulzGPKVhXc294ax7EYbA,51.5212463821326,-0.195441506803036,Catherine Parkinson,2,5.0,1
113,galleries,POINT (-0.226582 51.468613),UXkISb-xnD3AU5UOjCUTNg,51.468613,-0.226582,Will's Art Warehouse,2,4.0,1
114,galleries,POINT (-0.1061541 51.5208536),745tBtXfqr0EHtP3w7q2Vg,51.5208536,-0.1061541,The Aquarium,3,3.5,13
115,galleries,POINT (-0.0702483 51.5165976),4SXr8VlFH1Bqp6ZrZnX9Hw,51.5165976,-0.0702483,StolenSpace Gallery,3,4.5,11
116,galleries,POINT (-0.1391 51.516032),kz6jhwWSB05OCVuLgJBvLQ,51.516032,-0.1391,Getty Images Gallery,3,3.5,11
117,galleries,POINT (-0.147372007369995 51.5419998168945),_YltG0KYv3ww0338dcy56w,51.5419998168945,-0.147372007369995,Proud Cabaret Camden,3,4.0,9
118,galleries,POINT (-0.1345739 51.5501181),pxUpYZHzgLKrpfDBC080PA,51.5501181,-0.1345739,Rockarchive Gallery,3,3.0,9
119,galleries,POINT (-0.092849 51.4722303),0PNmdfv7ok6uCmDGX17PUg,51.4722303,-0.092849,GX Gallery,3,4.0,5
120,galleries,POINT (-0.2181543 51.51),MSX0oag2xBVelwiWSBNXRg,51.51,-0.2181543,Louise T Blouin Institute,3,4.0,5
121,galleries,POINT (-0.1017362 51.5080643),UsjDCA7glkknvPQccywfTg,51.5080643,-0.1017362,Bankside Gallery,3,4.0,5
122,galleries,POINT (-0.136365 51.51491),Xk7yeqbLZ5xguqzAftysZA,51.51491,-0.136365,The Circle,3,5.0,5
123,galleries,POINT (-0.141574 51.51332),G8j-JtvGqPplIgMFrfmrlw,51.51332,-0.141574,Maddox Gallery,3,5.0,4
124,galleries,POINT (-0.1770997 51.4925178),dWwJJTXPVxvOq2wtjuHuhg,51.4925178,-0.1770997,Christie's South Kensington,3,5.0,4
125,galleries,POINT (-0.161835 51.479),LNx5oNMG0VHLcxPBfmuJMQ,51.479,-0.161835,Affordable Art Fair,3,4.0,4
126,galleries,POINT (-0.0805213 51.5271785),mqAznABZiHyn26mGlrmBZg,51.5271785,-0.0805213,KesselsKramer London,3,3.0,3
127,galleries,POINT (-0.1043661 51.5353789),WkAqtSkd64cvtbF52F5orQ,51.5353789,-0.1043661,London Art Fair,3,3.5,3
128,galleries,POINT (-0.0689724 51.5294495),XI-MTVcOKNcjJCYi_nzoIQ,51.5294495,-0.0689724,Start Space,3,3.5,3
129,galleries,POINT (-0.207404 51.519318),bKhwcmgrEqIdpvx81XozFg,51.519318,-0.207404,Graffik London,3,3.5,3
130,galleries,POINT (-0.0705257 51.5233847),Hq2UvqYV0SlnmaaGKFNvIA,51.5233847,-0.0705257,F-art,3,4.5,2
131,galleries,POINT (-0.121789 51.5198593),94zQz6XiZkXRwaCWDF8BJg,51.5198593,-0.121789,Spink & Son,3,3.0,2
132,galleries,POINT (-0.1379423 51.5072449),4VPrJUpQA4RI19C4dYeFSg,51.5072449,-0.1379423,Chris Beetles,3,1.5,2
133,galleries,POINT (-0.0815424 51.5266151),TjFRoNB-FeUySB0QLNClbA,51.5266151,-0.0815424,CHARLIE SMITH London,3,4.5,2
134,galleries,POINT (-0.105994 51.522966),OjQNPJVadY6cyHcVvV3JyQ,51.522966,-0.105994,Lesley Craze Gallery,3,4.0,2
135,galleries,POINT (-0.081854 51.4176641),k8m2eUBzW85V3uxCpb1cyQ,51.4176641,-0.081854,Picture Palace,3,1.5,2
136,galleries,POINT (-0.1249876 51.5185431),-MN_Fq4genv3ifgPtr3z1g,51.5185431,-0.1249876,Contemporary Ceramics Centre,3,5.0,2
137,galleries,POINT (-0.125 51.580689),hm-EhyJj52xgDc9WFm-rCQ,51.580689,-0.125,Jealous Gallery,3,3.5,2
138,galleries,POINT (-0.143784 51.510001),rIHT_iYhncfzgHjFdbYMTQ,51.510001,-0.143784,Sprueth Magers,3,4.0,2
139,galleries,POINT (-0.1658985 51.4887364),BJ1tzaRg0kcXhLDyxggJRQ,51.4887364,-0.1658985,Michael Hoppen Photography,3,4.5,2
140,galleries,POINT (-0.161671274040069 51.5157155638606),V4KkE8_esJoMq-NPQVl3cQ,51.5157155638606,-0.161671274040069,Thompson's Gallery,3,4.0,2
141,galleries,POINT (-0.148375 51.514066),6hHWCqEL0-Q8nn0Tw7c14Q,51.514066,-0.148375,Artica Gallery,3,2.0,2
142,galleries,POINT (-0.107584 51.532245),s85yqy4m7niM4f_LYmJC5A,51.532245,-0.107584,Cubitt Gallery & Studios,3,4.0,1
143,galleries,POINT (-0.200383 51.514228),HlKDJtIXFVFH6LLutvwddg,51.514228,-0.200383,Themes & Variations,3,4.0,1
144,galleries,POINT (-0.1355846 51.5182915),Gw60J-_4ugxY138Vu1lNqA,51.5182915,-0.1355846,rosenfeld porcini,3,3.0,1
145,galleries,POINT (-0.138505 51.506581),lrgED3cuhlCK-lJCwWVbWA,51.506581,-0.138505,Albert Amor,3,5.0,1
146,galleries,POINT (-0.1349891 51.5189343),3v330DNyIZGuw7uuyVJ4bg,51.5189343,-0.1349891,Rebecca Hossack Art Gallery,3,3.0,1
147,galleries,POINT (-0.171937 51.486028),Ebwrz1dNr2uR5X9tJmyYng,51.486028,-0.171937,Northcote Gallery,3,5.0,1
148,galleries,POINT (-0.09847499999999999 51.534247),ykMLia3OualPQSAHr4hJ3Q,51.534247,-0.098475,Art Corporation,3,4.0,1
149,galleries,POINT (-0.1435327 51.509373),FA0bBFGaxn9itc76MM21AA,51.509373,-0.1435327,Gallery FUMI,3,4.0,1
150,galleries,POINT (-0.217435620725155 51.5101303301487),Q3Z1DkPZPP-a8Fl4nG7oYQ,51.5101303301487,-0.217435620725155,Frestonian Gallery,3,5.0,1
151,galleries,POINT (-0.1914465 51.4908471),veTnKbTtn2w6Jq0B6HC08g,51.4908471,-0.1914465,Gallery 286,3,5.0,1
152,galleries,POINT (-0.1392723 51.5073722),9gi7L2hHnt2SfqsKFkHr_Q,51.5073722,-0.1392723,The Illustration Cupboard,3,4.0,1
153,galleries,POINT (-0.203719 51.5130653),tOLxt0pMYBPxK6LLX3uAqQ,51.5130653,-0.203719,Vessel,3,4.0,1
154,galleries,POINT (-0.077393 51.524035),E4w9Tknd2InGQsm7eleeaA,51.524035,-0.077393,Howard Griffin Gallery,3,4.0,1
155,galleries,POINT (-0.08206299076630059 51.5015360778183),aTFC7ROB_4pA8V3Eqn5xHw,51.5015360778183,-0.0820629907663006,Eames Fine Art,3,3.0,1
156,galleries,POINT (-0.08129 51.5022),gvcznPzQaNXyCsjuO8bQNA,51.5022,-0.08129,Pierre Garroudi,3,3.0,1
157,galleries,POINT (-0.106145 51.530118),33W-cnyr8jDILozTrHfP9Q,51.530118,-0.106145,William Benington Gallery,3,5.0,1
158,galleries,POINT (-0.1081477 51.5266442),B0n5duIPnlHHKBudN_5u0A,51.5266442,-0.1081477,Inked-Art Gallery,3,4.0,1
159,galleries,POINT (-0.138187 51.516494),uPEEuUCR0793nNlaBlO6Yg,51.516494,-0.138187,Pi Artworks,3,4.0,1
160,galleries,POINT (-0.109825059771538 51.5230208436159),5TLxB0w5ovZq_XluoHJalg,51.5230208436159,-0.109825059771538,Hollybush Gardens,3,4.0,1
161,galleries,POINT (-0.197879 51.514495),VlnE5eOxspau6C8moahy6A,51.514495,-0.197879,Bryan Reeves.Tribal Gathering London,3,4.0,1
162,galleries,POINT (-0.137074 51.506827),noOJVlggSeSdTrGu-29K1A,51.506827,-0.137074,Thomas Dane Gallery,3,5.0,1
163,galleries,POINT (-0.130936056375504 51.5141987552013),8xmCckGadvTnL0YTmfYkiA,51.5141987552013,-0.130936056375504,Soho Revue Gallery,3,4.0,1
164,galleries,POINT (-0.210569 51.496651),_1et9HlLz3aJvJadEM6BsA,51.496651,-0.210569,Art14,3,5.0,1
165,galleries,POINT (-0.142274 51.508169),HmRmh9bYb39O2W48pUTbkQ,51.508169,-0.142274,Arts Club,4,4.5,18
166,galleries,POINT (-0.117926998940519 51.5300707147426),OiuupidUf8EdnLwkNRtijA,51.5300707147426,-0.117926998940519,Gagosian,4,4.0,10
167,galleries,POINT (-0.137252 51.507622),atZqIV8UqkdByMJv-h-B2A,51.507622,-0.137252,White Cube,4,4.0,7
168,galleries,POINT (-0.1483949 51.5241203),KOBgNUY5RuLDax_cgzUgZA,51.5241203,-0.1483949,Frieze Art Fair,4,4.0,6
169,galleries,POINT (-0.143826544041417 51.5114940383216),lUSve4UWKtenJS-jhwFFVQ,51.5114940383216,-0.143826544041417,Halcyon Gallery,4,3.5,5
170,galleries,POINT (-0.1436799 51.5117362),qpBqaUmHv5J5rD-c2QaKiw,51.5117362,-0.1436799,Sothebys,4,4.0,4
171,galleries,POINT (-0.146300002932549 51.513729095459),TWcyLO7F1Nhmz_jyzDQAuw,51.513729095459,-0.146300002932549,Bonhams,4,4.0,4
172,galleries,POINT (-0.077185 51.529656),dEcW-mn1lsp3hwAIABsHtw,51.529656,-0.077185,Flowers Gallery,4,4.5,3
173,galleries,POINT (-0.132057 51.509221),1Y71fUJ494CPzUqrMrHkyw,51.509221,-0.132057,Dover Street Market,4,1.5,3
174,galleries,POINT (-0.2464218 51.4712903),qCqZzlW-2r4NDTDpZvMFNQ,51.4712903,-0.2464218,Hamshere Gallery,4,1.5,3
175,galleries,POINT (-0.141063 51.511908),rLR-a_gufURt0QoQrVOn_g,51.511908,-0.141063,Hauser & Wirth,4,5.0,3
176,galleries,POINT (-0.1443703 51.5119612),wpnhn4a6CG_eEPCjGXQpNg,51.5119612,-0.1443703,Opera Gallery London,4,4.0,2
177,galleries,POINT (-0.1372317 51.5109711),iKXDkSvIgIpEEDVk-yf0yw,51.5109711,-0.1372317,Marian Goodman,4,5.0,2
178,galleries,POINT (-0.0823466856750201 51.5016281316551),x8RJs1IyMRb_jhvydOtXfQ,51.5016281316551,-0.0823466856750201,London Glassblowing Studio and Gallery,4,4.5,2
179,galleries,POINT (-0.143205 51.5137291),2fGIObPWgx5ocgi7mKEZQQ,51.5137291,-0.143205,Blain Southern,4,3.0,2
180,galleries,POINT (-0.147294 51.513863),4uvA7d1tsSBT3dzs3pjT0A,51.513863,-0.147294,Hanina Fine Arts,4,4.0,1
181,galleries,POINT (-0.1332548 51.5169912),tfITS2uaBcLlmnALvUqdZQ,51.5169912,-0.1332548,Lazarides,4,4.0,1
182,galleries,POINT (-0.1461345 51.5136189),PkFI0chE1euBeAhbqjsWdg,51.5136189,-0.1461345,Christies Mayfair,4,4.0,1
183,galleries,POINT (-0.141716 51.510193),WlchwIkrYuJaH7KF6Boc5g,51.510193,-0.141716,Petley Fine Art,4,2.0,1
184,galleries,POINT (-0.1319825 51.507928),OtzOpRjNU1dwOZw_KqYbrw,51.507928,-0.1319825,La Galleria Pall Mall,4,4.0,1
185,cabaret,POINT (-0.169394 51.463081),CfI__Ue4eGDDdbEBfsw_fQ,51.463081,-0.169394,The Clapham Grand,2,3.5,18
186,cabaret,POINT (-0.12479237186463 51.5145138263171),ndVFPh-FoSC_XiouApdLBg,51.5145138263171,-0.12479237186463,Circus,3,3.5,52
187,cabaret,POINT (-0.1318492 51.5104944),zm5C7yXoz0lIdR3cTr5Weg,51.5104944,-0.1318492,Café de Paris,4,3.0,42
188,casinos,POINT (-0.12877836869184 51.5114481358807),WMr6ZMHGMimf7xrrknjW0A,51.5114481358807,-0.12877836869184,Hippodrome Casino,2,4.0,57
189,casinos,POINT (-0.1655992 51.5173217),LkVLixPUPIRgXUKtSWEz4A,51.5173217,-0.1655992,The Victoria,2,3.0,5
190,casinos,POINT (-0.130481 51.517433),Rn1JzerXLrqESbPOgvn5qQ,51.517433,-0.130481,Grosvenor Casino St Giles,2,2.5,3
191,casinos,POINT (-0.1239801 51.5216228),jbobD4nFXpo1glmb8oGlEA,51.5216228,-0.1239801,Grosvenor Casino Russell Square,2,3.5,2
192,casinos,POINT (-0.187744619261002 51.5122021620586),g090IY7Y02N3e8WGvje5sg,51.5122021620586,-0.187744619261002,Grosvenor Casino Golden Horseshoe,3,4.0,4
193,casinos,POINT (-0.14091 51.507329),p8vIC0dsQINOKdV9XtT-cQ,51.507329,-0.14091,Ritz Club,4,4.5,4
194,casinos,POINT (-0.1588472 51.5017578),C1CWmcVqJmoa-re9s7Iv5Q,51.5017578,-0.1588472,Grosvenor Casino The Park Tower,4,2.0,2
195,movietheaters,POINT (-0.073118 51.524355),Aio2pNR4PVRFiZuIlgaWbw,51.524355,-0.073118,Rich Mix,2,4.0,59
196,movietheaters,POINT (-0.1507717 51.442982),ZX8bphy_0wblveWa7aVl9g,51.442982,-0.1507717,The Exhibit,2,3.5,35
197,movietheaters,POINT (-0.0923129 51.5026956),ggFS4NyB-iaVz6O3WVBCig,51.5026956,-0.0923129,Roxy Bar & Screen,2,3.5,28
198,movietheaters,POINT (-0.055035735750951 51.544696928041),wBDgSt7pZZdijZrItCejKQ,51.544696928041,-0.055035735750951,Hackney Picturehouse,2,4.0,23
199,movietheaters,POINT (-0.123096 51.524132),oIVzGzHGAKMego1kxiREiQ,51.524132,-0.123096,Curzon Bloomsbury,2,4.0,23
200,movietheaters,POINT (-0.163737103108435 51.5885134384397),cY8pGC0kCsDvdA7U8IS1lA,51.5885134384397,-0.163737103108435,Phoenix Cinema,2,4.5,17
201,movietheaters,POINT (0.00171024352312088 51.5426091725534),kFjbG1Su2oGUNBA4rjmguA,51.5426091725534,0.00171024352312088,Roof East,2,4.0,11
202,movietheaters,POINT (-0.12446901679688 51.522852454869),aPJRB6UILokcDDcsNtjwzQ,51.522852454869,-0.12446901679688,The Horse Hospital,2,4.0,10
203,movietheaters,POINT (-0.205176954717656 51.4203150413612),W3zRIiyNiJLi__NK-VMvaQ,51.4203150413612,-0.205176954717656,HMVCurzon Wimbledon,2,4.5,8
204,movietheaters,POINT (-0.136631 51.514366),jaw3GxHkmQf0x5UeCz676g,51.514366,-0.136631,16mm,2,4.5,4
205,movietheaters,POINT (-0.130628 51.512637),GJ7r7JH_HXs_j-cQDt-0Cg,51.512637,-0.130628,Curzon Soho,3,4.5,72
206,movietheaters,POINT (-0.1476178 51.5066017),8FoAfZ0jOA22sU3O0EOz8g,51.5066017,-0.1476178,Curzon Mayfair,3,3.5,26
207,culturalcenter,POINT (-0.175034 51.504749),VL8v-jEvXXpPH7iZ8-lA6A,51.504749,-0.175034,Serpentine Galleries,1,4.0,44
208,culturalcenter,POINT (-0.072462223470211 51.5251792682723),4hncLFWWr3MbaZ2lkhS6FQ,51.5251792682723,-0.072462223470211,state51,1,5.0,1
209,culturalcenter,POINT (-0.150961 51.543409),0W8xMW9SF1_3_6wFcILF-A,51.543409,-0.150961,Roundhouse,2,4.5,129
210,culturalcenter,POINT (-0.122138 51.534649),NwirTLOE30tNZ6OrP46vVA,51.534649,-0.122138,Kings Place,2,4.5,8
211,culturalcenter,POINT (-0.2381482 51.4933971),acufU3MV5_e5lIlYRi-C0w,51.4933971,-0.2381482,The Centre for Polish Arts and Culture,2,4.0,6
212,festivals,POINT (-0.116838 51.505777),6mpIrWQBOHbFjjwOYUNflQ,51.505777,-0.116838,London Wonderground,2,4.0,9
213,festivals,POINT (-0.1929576 51.5264801),ye_7K2irBuiw2rrJ5c0xQA,51.5264801,-0.1929576,Pines and Needles Christmas Trees,2,5.0,2
214,jazzandblues,POINT (-0.08013099999999999 51.527616),eXp-OnzLT6pi7idx97TP9Q,51.527616,-0.080131,Troy Bar & Restaurant,1,4.0,9
215,jazzandblues,POINT (0.0090034 51.5683582),mJ2prFOhbgJXCFbvv05O8Q,51.5683582,0.0090034,Luna Lounge,1,4.5,2
216,jazzandblues,POINT (-0.0557798 51.5564188),yDzDAmIcg9or-Bo08qietw,51.5564188,-0.0557798,Jackdaw,1,5.0,1
217,jazzandblues,POINT (-0.135575861793962 51.5106025898049),E43MdoA7zkZ6SnPjAJaTvA,51.5106025898049,-0.135575861793962,Brasserie Zédel,2,4.0,143
218,jazzandblues,POINT (-0.139623144472486 51.5129631039042),dyNKRpQAZexiob71s2QRLA,51.5129631039042,-0.139623144472486,Ain't Nothin' But...,2,4.0,91
219,jazzandblues,POINT (-0.08016330000000001 51.5263),jzeEriDLd6VJRleGmFG70w,51.5263,-0.0801633,The Diner Shoreditch,2,3.0,39
220,jazzandblues,POINT (-0.1819652922312 51.47813751937),LGWpJf_3EJbbk1qMNHf0ag,51.47813751937,-0.1819652922312,606 Club,2,4.5,30
221,jazzandblues,POINT (-0.130074470926743 51.5142404105761),jUIAdIAN9ytcAwJG1iA09A,51.5142404105761,-0.130074470926743,The Cafe @ Foyles,2,3.5,29
222,jazzandblues,POINT (-0.076071 51.54871),8-TgqWdGzKd-b0f11-MASQ,51.54871,-0.076071,Dalston Jazz Bar,2,4.0,28
223,jazzandblues,POINT (-0.2326856 51.4968774),DiS_ov2F1E5hYX4nS2jqzg,51.4968774,-0.2326856,Andover Arms,2,4.5,26
224,jazzandblues,POINT (-0.131048 51.514502),UIRAgWIgLXzl1ds06hinGQ,51.514502,-0.131048,Jazz After Dark,2,4.0,20
225,jazzandblues,POINT (-0.1327519 51.5650346),VNLP2npJ8mDkiNQBsJDzpw,51.5650346,-0.1327519,The Sitara,2,4.5,19
226,jazzandblues,POINT (-0.0077916 51.4796935),t8UKfK7N2OaeZVaOzmht6Q,51.4796935,-0.0077916,Oliver's,2,4.0,14
227,jazzandblues,POINT (-0.07651670000000001 51.54932),Xjr_6OGSfNilH0oe1HYU5Q,51.54932,-0.0765167,The Vortex Jazz Club,2,4.0,14
228,jazzandblues,POINT (-0.103391147617971 51.4910865673158),JcGMQaoEfPt_uSfjwPYixw,51.4910865673158,-0.103391147617971,Toulouse Lautrec,2,4.0,14
229,jazzandblues,POINT (-0.1349088 51.5144039),bl2wd4uVPoInmK-Q7GkJ7w,51.5144039,-0.1349088,St Moritz Club,2,4.0,14
230,jazzandblues,POINT (-0.1309394 51.4266968),6u3VM6KDfK1o16u_CQ-yYA,51.4266968,-0.1309394,Hideaway Jazz Cafe,2,4.0,8
231,jazzandblues,POINT (-0.08700085138670501 51.473076001976),ICALUzXSD3soHh33Kylfbg,51.473076001976,-0.087000851386705,Jazz Live At The Crypt,2,4.5,6
232,jazzandblues,POINT (-0.0809207 51.5268157),ABrvGaWL1-u9KlxYd2rDBw,51.5268157,-0.0809207,Old Street Records,2,3.0,5
233,jazzandblues,POINT (-0.130317 51.426834),rLy2CHtHOiNT-mh7S6ls2g,51.426834,-0.130317,Hideaway,2,4.0,3
234,jazzandblues,POINT (-0.13372 51.5150299),ku56-1bv_cT87LOicQW0mg,51.5150299,-0.13372,The Piano Bar,2,2.5,2
235,jazzandblues,POINT (-0.136101 51.51077),9k3zDGGYjdHEuddo4furdQ,51.51077,-0.136101,The Crazy Coqs,2,4.5,2
236,jazzandblues,POINT (-0.2381959 51.4998055),ndlUkA6AwyVUdqAyj00w3A,51.4998055,-0.2381959,Burgers Bbq Whisky Beer,2,5.0,1
237,jazzandblues,POINT (0.003092 51.501748),cs1V1NjqzbrhYOdy-R7kUA,51.501748,0.003092,WM Jazz Club,2,4.0,1
238,jazzandblues,POINT (-0.140739 51.572756),sfHwE2qYug0meAEOhnSaVA,51.572756,-0.140739,Caipirinha Jazz Bar,2,4.0,1
239,jazzandblues,POINT (-0.139002 51.513136),qHsm05pclAo7l8vDW8b2mw,51.513136,-0.139002,All blue's bar,2,5.0,1
240,jazzandblues,POINT (-0.076672 51.548964),0gQx_PUOiZxpYzo1GAJuTQ,51.548964,-0.076672,Vortex Downstairs,2,5.0,1
241,jazzandblues,POINT (-0.1315816 51.5133855),R6EH7ERdUuHO8DmnVvhJkQ,51.5133855,-0.1315816,Ronnie Scott's Jazz Club,3,4.0,141
242,jazzandblues,POINT (-0.148144 51.4944286),YOA3LxQ5Pl5yCF-fs0LYMw,51.4944286,-0.148144,Boisdale of Belgravia,3,4.0,50
243,jazzandblues,POINT (-0.0222140550613403 51.5051965278475),xuIRedNBJZC0GYPv4Hn04A,51.5051965278475,-0.0222140550613403,Boisdale of Canary Wharf,3,3.5,27
244,jazzandblues,POINT (-0.07972559999999999 51.5179942),Tgq0COHjfaov1CKKPeVlHg,51.5179942,-0.0797256,Boisdale of Bishopsgate,3,4.5,14
245,jazzandblues,POINT (-0.099005 51.519796),ycxUEUX6vNJHDKYUMIHsYg,51.519796,-0.099005,Piano Smithfield,3,2.5,2
246,jazzandblues,POINT (-0.1915149 51.5505004),CEXQE-t47ouHWIQJdeE-Sw,51.5505004,-0.1915149,Lower Ground Bar,3,3.5,2
247,jazzandblues,POINT (-0.1359431 51.5100916),a3GD7bLFl85utiHy_-6LTg,51.5100916,-0.1359431,The Oscar Wilde Bar,4,4.0,8
248,museums,POINT (-0.126866769172693 51.4907293031787),wDeBnvcwVI5rrMnKt-ATSA,51.4907293031787,-0.126866769172693,Tate Britain,1,4.5,127
249,museums,POINT (-0.09682952781520759 51.5176485154852),MIhWaS_eQbsS9AId-C419w,51.5176485154852,-0.0968295278152076,Museum Of London,1,4.0,114
250,museums,POINT (-0.153022552114862 51.5174316756205),hF7L2L1pcPqNrE0js9xMDw,51.5174316756205,-0.153022552114862,The Wallace Collection,1,4.5,104
251,museums,POINT (-0.125438216602333 51.5176490927972),BDIpKgowzdAd3qqjSjOoOQ,51.5176490927972,-0.125438216602333,Camera Museum,1,4.0,44
252,museums,POINT (-0.0918525573030515 51.5070433706857),0PFHwv7drk8VCARhecpX0A,51.5070433706857,-0.0918525573030515,Clink Prison Museum,1,3.0,38
253,museums,POINT (-0.07007284597038969 51.5160847710173),_bAZZTyvZTC1vTdfZlXGWA,51.5160847710173,-0.0700728459703897,Whitechapel Gallery,1,3.5,27
254,museums,POINT (-0.177454 51.548845),5Ide-FVDXeXQ8cT4OXrxKA,51.548845,-0.177454,The Freud Museum,1,4.0,26
255,museums,POINT (-0.0859307250688582 51.4463139325697),6fOrTxGXuOCWklyNaaGrUQ,51.4463139325697,-0.0859307250688582,Dulwich Picture Gallery,1,4.0,25
256,museums,POINT (-0.08864030000000001 51.5050713),PBfLMXN2M0Nn0yorCcOnqg,51.5050713,-0.0886403,The Old Operating Theatre,1,4.5,21
257,museums,POINT (-0.007975100000000001 51.4790404),AVPhzb0mKoiLmC45HWHl-A,51.4790404,-0.0079751,The Fan Museum Trust,1,4.5,18
258,museums,POINT (-0.12518990987109 51.507801677738),yMdbYof6WRVJFxOisxUdoA,51.507801677738,-0.12518990987109,Benjamin Franklin House,1,3.5,15
259,museums,POINT (-0.0877742274352333 51.5140257143516),aDM7ofXY4EfM8WvV7FVqkg,51.5140257143516,-0.0877742274352333,Bank Of England Museum,1,4.0,12
260,museums,POINT (-0.121645615008902 51.5252097167853),yckLgWUnrr2AdkDCfz4PKA,51.5252097167853,-0.121645615008902,The Foundling Museum,1,4.0,12
261,museums,POINT (-0.16007 51.486013),48-U9KkcT09vEYpeD2CLRA,51.486013,-0.16007,National Army Museum,1,4.5,12
262,museums,POINT (-0.1460565 51.5130575),lw9lEkGy_yvjQQoqWKB2AA,51.5130575,-0.1460565,Handel & Hendrix in London,1,4.5,12
263,museums,POINT (-0.1444712 51.5371325),1IfmFp49yxfCQwVEyymIyg,51.5371325,-0.1444712,Jewish Museum London,1,4.0,10
264,museums,POINT (-0.120335 51.534231),8u-RKYet2Ph_GIsuBW5bsw,51.534231,-0.120335,London Canal Museum,1,4.5,8
265,museums,POINT (-0.216521318419733 51.4232730425922),VuoFDflmZya7IEBcRtR1Vg,51.4232730425922,-0.216521318419733,Wimbledon Museum,1,4.0,1
266,museums,POINT (-0.121572 51.512018),QWPofBYWbpZcG9AlHzBzCg,51.512018,-0.121572,London Transport Museum,2,4.5,76
267,museums,POINT (-0.117102253177384 51.5110614108427),AJ7i8Xqyx70wpcTTcK4GFA,51.5110614108427,-0.117102253177384,Somerset House Terrace,2,4.5,65
268,museums,POINT (-0.1353042 51.5203316),ShCehNi6-0Ml4Ag8Odbz4g,51.5203316,-0.1353042,Pollock's Toy Museum,2,4.0,25
269,museums,POINT (-0.057529 51.534844),CnAA_2-4wc_sEfdUxvJboA,51.534844,-0.057529,Victor Wynd Museum of Curiosities,2,4.0,16
270,museums,POINT (-0.1170948 51.4996224),EU2w26fjV2DshQHkBbSc2w,51.4996224,-0.1170948,Florence Nightingale Museum,2,4.0,14
271,museums,POINT (-0.202903747558594 51.4986047704421),2fkSkgZQD2_ZmPzvdNOrLw,51.4986047704421,-0.202903747558594,Leighton House Museum,2,4.5,12
272,museums,POINT (-0.112232 51.511642),M56PYH0Ini2pD6mwfgUllQ,51.511642,-0.112232,Two Temple Place,2,5.0,4
273,musicvenues,POINT (-0.126756 51.508793),Ps63PCEsGOvHmSZjqijR5g,51.508793,-0.126756,St Martin in the Fields,1,4.5,44
274,musicvenues,POINT (-0.13033772564174 51.514867642482),KibX1drMsr4bmfFYj5BkMw,51.514867642482,-0.13033772564174,The Crobar,1,4.0,41
275,musicvenues,POINT (-0.053114 51.514333),AuRbCdbDEetUNlF6mIJpng,51.514333,-0.053114,The George Tavern,1,4.0,19
276,musicvenues,POINT (-0.0797796249389648 51.5051364249445),blPVfo35hRTG-0YSwmw9uw,51.5051364249445,-0.0797796249389648,The Scoop at More London,1,4.5,18
277,musicvenues,POINT (-0.09636402128972101 51.571962074149),z8ywlh1CGUeQVuhDDowsxA,51.571962074149,-0.096364021289721,The Finsbury,1,4.0,12
278,musicvenues,POINT (-0.136642456054688 51.5642660244139),4oCsLusUzKXYwDJhMuOItQ,51.5642660244139,-0.136642456054688,The Hideaway,1,3.5,11
279,musicvenues,POINT (-0.113720720506352 51.4616655419757),mfX3NkNRyhyB7W9F7uKAVA,51.4616655419757,-0.113720720506352,The Prince Albert,1,3.5,11
280,musicvenues,POINT (-0.138446 51.557143),SK_AoAnZmZoh-H1_Tv8Abw,51.557143,-0.138446,Boston Arms,1,3.0,10
281,musicvenues,POINT (-0.075875 51.543285),v15tbk_tQ1cyyYNFqxfnDA,51.543285,-0.075875,Power Lunches Arts Cafe,1,3.5,8
282,musicvenues,POINT (-0.26771812200931 51.492862405716),NOUL5kIP9ruxX7V773NrMQ,51.492862405716,-0.26771812200931,Connolly's Chiswick,1,3.5,7
283,musicvenues,POINT (-0.1326435 51.5207403),Iq7bIqtYXq9-i-UbpBdhMA,51.5207403,-0.1326435,RADA Studios,1,4.5,6
284,musicvenues,POINT (-0.138404 51.526399),wAisBSNKI6feFd2kQvBQ7w,51.526399,-0.138404,Camden Peoples Theatre,1,4.5,5
285,musicvenues,POINT (-0.107047997415066 51.5486755371094),1DMAgvbg5VXtZ4vewlt1Kw,51.5486755371094,-0.107047997415066,The Lamb,1,4.0,5
286,musicvenues,POINT (-0.116744 51.513976),tHkqxUBbtgfa8VDVqLCxTA,51.513976,-0.116744,LSE Student Union,1,3.5,4
287,musicvenues,POINT (-0.1349588 51.5091499),3xU718hYKIuwr_IbkgGdDQ,51.5091499,-0.1349588,Jermyn Street Theatre,1,4.0,4
288,musicvenues,POINT (-0.0808073258652442 51.5038976218874),5Mm78ZdTq-66yKhHi7oqIA,51.5038976218874,-0.0808073258652442,Unicorn Theatre,1,4.0,3
289,musicvenues,POINT (-0.187878 51.44179),hxvnZr9KaMgQCoYyIhHlKA,51.44179,-0.187878,Tara Theatre,1,4.5,3
290,musicvenues,POINT (0.0090034 51.5683582),mJ2prFOhbgJXCFbvv05O8Q,51.5683582,0.0090034,Luna Lounge,1,4.5,2
291,musicvenues,POINT (0.00461330209964217 51.5222066460632),hwXn-ebwmBDsGWTzVaEABA,51.5222066460632,0.00461330209964217,Arch1,1,4.0,2
292,musicvenues,POINT (-0.1093237 51.617336),HpFjdqv4QN7o40RcEUMHKQ,51.617336,-0.1093237,The Inn On The Green,1,4.0,2
293,musicvenues,POINT (-0.141448846557637 51.5891166710637),GaKc5G8JS8XlMKsFxsp5Vg,51.5891166710637,-0.141448846557637,Bonafide Studio,1,1.0,1
294,musicvenues,POINT (-0.105154 51.513349),V3A9g_v0bvF_7hx84kVKSA,51.513349,-0.105154,St. Bride Foundation,1,4.0,1
295,musicvenues,POINT (-0.121472 51.5071),FwzmXKoDaImOYUzR3526EQ,51.5071,-0.121472,Embankment Pier,1,3.0,1
296,musicvenues,POINT (-0.09963 51.467019),mcTFQxWYsxPfyA69kULljQ,51.467019,-0.09963,The Junction,1,5.0,1
297,musicvenues,POINT (-0.155793 51.474211),4fBJnGpY1SUyCHgmkoq9DQ,51.474211,-0.155793,The Halo,1,5.0,1
298,musicvenues,POINT (-0.072462223470211 51.5251792682723),4hncLFWWr3MbaZ2lkhS6FQ,51.5251792682723,-0.072462223470211,state51,1,5.0,1
299,musicvenues,POINT (-0.0561063873108196 51.5369523332505),my0RbO13hWmkde9CdHK97A,51.5369523332505,-0.0561063873108196,St Joseph's Hospice,1,5.0,1
300,musicvenues,POINT (-0.0971089400017153 51.5081126650366),wD0BMblDiufinDO24o8x8Q,51.5081126650366,-0.0971089400017153,Shakespeare's Globe Theatre,2,4.5,238
301,musicvenues,POINT (-0.177414610229825 51.5009964375442),ppBpTDeBv9rOpunWbobFzw,51.5009964375442,-0.177414610229825,Royal Albert Hall,2,4.5,207
302,musicvenues,POINT (0.00291824340820312 51.5028390990077),Z8x3ohWA5FJSHXw8D9sOuA,51.5028390990077,0.00291824340820312,The O2,2,4.0,191
303,musicvenues,POINT (-0.138359069824219 51.5346440882812),jBI78K2wz_PcJMrF9rCDNg,51.5346440882812,-0.138359069824219,KOKO,2,4.0,158
304,musicvenues,POINT (-0.1744201 51.4852959),PA45Xv1AQ1gFwXyqHWG2sQ,51.4852959,-0.1744201,Big Easy,2,3.5,139
305,musicvenues,POINT (-0.150961 51.543409),0W8xMW9SF1_3_6wFcILF-A,51.543409,-0.150961,Roundhouse,2,4.5,129
306,musicvenues,POINT (-0.078913 51.526626),yt20lJZzrxwFdN-guMMywA,51.526626,-0.078913,Cargo,2,3.0,117
307,musicvenues,POINT (-0.19190476580433 51.488822437999),Px5vTIY3_lb6vJOnerjW8A,51.488822437999,-0.19190476580433,The Troubadour,2,4.0,91
308,musicvenues,POINT (-0.08108854293823239 51.5222692197122),0tCrGhSN6aSrOUemGCVhxA,51.5222692197122,-0.0810885429382324,The Queen of Hoxton,2,3.5,78
309,musicvenues,POINT (-0.136678 51.509699),I0sKyehdq3iKZ6GI5K5Gag,51.509699,-0.136678,Caffé Concerto,2,2.5,66
310,musicvenues,POINT (-0.120840203374542 51.5307732176212),zZq2AZi2N1CJHRs1Gq5YfA,51.5307732176212,-0.120840203374542,Scala,2,4.0,65
311,musicvenues,POINT (-0.080219321432476 51.524399848824),W2EVbmZJca4guJFNJQVNHw,51.524399848824,-0.080219321432476,The Old Blue Last,2,3.5,64
312,musicvenues,POINT (-0.130093499999995 51.5939065176711),-5iFMr_Ew9Tkz9iK5tNBMA,51.5939065176711,-0.130093499999995,Alexandra Palace,2,4.0,63
313,musicvenues,POINT (-0.140846 51.5174),_KHr_QRAn5-czkDkonAdhA,51.5174,-0.140846,The Social,2,4.0,61
314,musicvenues,POINT (-0.0715507998863814 51.5212392528136),gyzSbHKhJLjj0CJEMR1IeA,51.5212392528136,-0.0715507998863814,93 Feet East,2,3.5,59
315,musicvenues,POINT (-0.12877836869184 51.5114481358807),WMr6ZMHGMimf7xrrknjW0A,51.5114481358807,-0.12877836869184,Hippodrome Casino,2,4.0,57
316,musicvenues,POINT (-0.102769 51.54437),gsTzOl5onquxvEcPxXE2Ow,51.54437,-0.102769,Union Chapel,2,4.5,55
317,musicvenues,POINT (-0.111874 51.531721),SHmIIdDRFrgeb5X2kc-l2g,51.531721,-0.111874,The Lexington,2,3.5,55
318,musicvenues,POINT (-0.114903511888904 51.4651860270066),AJzy_Wn5yMeOxoafw5_c5Q,51.4651860270066,-0.114903511888904,O2 Academy Brixton,2,4.0,55
319,musicvenues,POINT (-0.081736889127628 51.528021687624),snqa93sqnx4A6Bsl26bibw,51.528021687624,-0.081736889127628,Zigfrid von Underbelly,2,3.5,53
320,musicvenues,POINT (-0.14556884765625 51.5374403159159),XvCXpbLFduvlpkai3k1ftA,51.5374403159159,-0.14556884765625,Dublin Castle,2,3.5,52
321,musicvenues,POINT (-0.136493 51.514237),6ElAuspoD2tc7VJnklwumA,51.514237,-0.136493,Barrio Central,2,4.0,50
322,musicvenues,POINT (-0.0781682810583805 51.5261481076847),9KmxgynxkZbhXY_KNos3tw,51.5261481076847,-0.0781682810583805,Barrio Shoreditch,2,3.0,48
323,musicvenues,POINT (-0.08021544877130141 51.5265204642608),lwafeCny1UNnn3sz_SnPHg,51.5265204642608,-0.0802154487713014,The Blues Kitchen,2,4.0,46
324,musicvenues,POINT (-0.1430625 51.5396805),SnMwJ5T7250B5547-4wI9A,51.5396805,-0.1430625,Electric Ballroom,2,4.0,43
325,musicvenues,POINT (-0.227553046892955 51.4885595820839),FoBfAxw9oZVh-WBqmOJsVA,51.4885595820839,-0.227553046892955,Riverside Studios,2,4.5,43
326,musicvenues,POINT (-0.14921327694168 51.442671525594),H3Kepde059LSnNhKy1Pjfg,51.442671525594,-0.14921327694168,The Bedford,2,4.0,43
327,musicvenues,POINT (-0.0800395 51.5301725),ElMhAz3L1a26RA-80dguZw,51.5301725,-0.0800395,The Macbeth,2,3.5,39
328,musicvenues,POINT (-0.148471 51.542969),IhGa9JxvdGeZm-U-gVA3qw,51.542969,-0.148471,The Monarch,2,3.5,38
329,musicvenues,POINT (-0.0667762756347656 51.5105854325666),JQivhGlwmxkeS7a-U-GgqA,51.5105854325666,-0.0667762756347656,Wilton's Music Hall,2,4.5,38
330,musicvenues,POINT (-0.080362003315629 51.527267010015),OQ1dqIF73uP6O5noZP_7Eg,51.527267010015,-0.080362003315629,333 Mother Bar,2,2.5,37
331,musicvenues,POINT (-0.224193 51.503868),Ejso8OUev2OV44a8xLbXyg,51.503868,-0.224193,O2 Shepherd's Bush Empire,2,3.5,36
332,musicvenues,POINT (-0.113342337031209 51.4553348340329),qrUbUrPBg7RL-bNzpzzxNQ,51.4553348340329,-0.113342337031209,Hootananny,2,4.0,36
333,musicvenues,POINT (-0.121945 51.4860659),vDYVC5x9dSwCOZ78iDsRsg,51.4860659,-0.121945,Royal Vauxhall Tavern,2,4.0,35
334,musicvenues,POINT (-0.13323999941349 51.512020111084),wGdq0DxcpSeYtwx6_fQjlA,51.512020111084,-0.13323999941349,Gielgud Theatre,2,4.5,35
335,musicvenues,POINT (-0.106613 51.534469),b4iyNQQBX2X8a5lmsG7pCA,51.534469,-0.106613,O2 Academy Islington,2,3.5,34
336,musicvenues,POINT (-0.130548 51.515096),_I0XFcik7O0x4VEGeQIBCg,51.515096,-0.130548,The Borderline,2,4.0,33
337,musicvenues,POINT (-0.0325703456536754 51.4757511346773),h_lU6hvLWmKJPfRwGrv6Tg,51.4757511346773,-0.0325703456536754,The Amersham Arms,2,4.0,31
338,musicvenues,POINT (-0.156518185947144 51.4925592283224),QriIZZXIIYRlzYG_HSGdJQ,51.4925592283224,-0.156518185947144,Royal Court Theatre,2,4.5,30
339,musicvenues,POINT (-0.1819652922312 51.47813751937),LGWpJf_3EJbbk1qMNHf0ag,51.47813751937,-0.1819652922312,606 Club,2,4.5,30
340,musicvenues,POINT (-0.103971 51.546742),dwMtepKYg-2mhfizUJMVOg,51.546742,-0.103971,The Garage,2,4.0,29
341,musicvenues,POINT (-0.08544377932653401 51.525444588747),ivzqT09brZsYKEJZY9_qlA,51.525444588747,-0.085443779326534,XOYO,2,3.5,28
342,musicvenues,POINT (-0.231687344180273 51.5064052302312),s6XZIRQkvnbSlfw43LRDjQ,51.5064052302312,-0.231687344180273,Bush Hall Music,2,4.5,28
343,musicvenues,POINT (-0.0747883560309078 51.5469106942846),IrR3xFPYhYIpo-YkXyWY_A,51.5469106942846,-0.0747883560309078,Café Oto,2,4.0,28
344,musicvenues,POINT (-0.12484073638916 51.4885783958466),mM1b_zgmQ_Pyj8Gmc58Tpg,51.4885783958466,-0.12484073638916,Tamesis Dock,2,3.5,27
345,musicvenues,POINT (-0.14925982752823 51.543146724567),ctxD2MTOQMsHcDmWJ8yL_Q,51.543146724567,-0.14925982752823,Barfly,2,3.0,27
346,musicvenues,POINT (-0.142984 51.539693),sKp0gkdde9hag6q6Xd36gw,51.539693,-0.142984,The Midnight Rebel Band,2,3.5,27
347,musicvenues,POINT (-0.129527 51.514441),1ukDf0pCK-7KKqd5k99Tug,51.514441,-0.129527,Phoenix Theatre,2,4.0,27
348,musicvenues,POINT (-0.114824050446974 51.4615158361667),r29hM7GQKkPyTslhtGVi3Q,51.4615158361667,-0.114824050446974,The Prince of Wales,2,3.5,26
349,musicvenues,POINT (-0.14065004384714 51.549771394244),GLwlCe9dRDtRvjeQ-bBu-Q,51.549771394244,-0.14065004384714,The Oxford,2,3.5,26
350,musicvenues,POINT (-0.14318484710043 51.538732436501),xSqj_nVc38rgTFkwP8_-YQ,51.538732436501,-0.14318484710043,Jazz Cafe,2,3.5,26
351,musicvenues,POINT (-0.166769027709961 51.4269222179313),qIilL4zehrFIFHqjoo_RCA,51.4269222179313,-0.166769027709961,Tooting Tram and Social,2,4.0,25
352,musicvenues,POINT (-0.100755123837709 51.4527530528328),Oyut7-L6RDFJJugIONB6Nw,51.4527530528328,-0.100755123837709,The Half Moon,2,4.0,25
353,musicvenues,POINT (-0.14199077760942 51.552239161752),hZ5e2XG2TEIR2E6MCrV6eA,51.552239161752,-0.14199077760942,The Forum,2,3.5,24
354,musicvenues,POINT (-0.17040910213262 51.462851913426),ZsvAq-7mwVE4VBB4Q82jaQ,51.462851913426,-0.17040910213262,Project Orange,2,4.5,24
355,musicvenues,POINT (-0.138423442840576 51.5568156548447),JAQjDekk-DZ0qf5-3hDulA,51.5568156548447,-0.138423442840576,Aces & Eights,2,4.0,23
356,musicvenues,POINT (-0.127672 51.512847),haUR9ZH0sUgRfU0IDU4SMg,51.512847,-0.127672,St Martin's Theatre,2,4.0,23
357,musicvenues,POINT (-0.11206571910713 51.4705975325762),h_7IqiB0uovINgGmy6tm-g,51.4705975325762,-0.11206571910713,Brixton Jamm,2,3.0,23
358,musicvenues,POINT (-0.1034354 51.5432942),vbKuAz6Tmks7a1YV7NtxOw,51.5432942,-0.1034354,Hope & Anchor,2,3.5,23
359,musicvenues,POINT (-0.08374984517325861 51.5259291627647),W45votnoN0D6Q1vU_GJrXg,51.5259291627647,-0.0837498451732586,Floripa,2,3.0,23
360,musicvenues,POINT (-0.07792384182609099 51.52792278892),YUww5pa790cZUvcB2xWWWQ,51.52792278892,-0.077923841826091,Catch,2,3.5,22
361,musicvenues,POINT (-0.0713196999300147 51.5523861372771),oo_5sQOH7QPXr3XLH70zKA,51.5523861372771,-0.0713196999300147,Shacklewell Arms,2,3.5,21
362,musicvenues,POINT (-0.14565062803498 51.537438632465),3eveO99_LmScH1uodzua6g,51.537438632465,-0.14565062803498,Green Note,2,4.0,20
363,musicvenues,POINT (-0.0752017300954 51.5515994924597),u1W5ey2MLwJKG3iKuF1EWg,51.5515994924597,-0.0752017300954,Birthdays,2,3.5,20
364,musicvenues,POINT (-0.201921745849805 51.5170565400035),X2eJEAutK0d8se1DQtE8Ag,51.5170565400035,-0.201921745849805,The Tabernacle,2,4.0,20
365,musicvenues,POINT (-0.079559 51.561951),ZTPkN8rpsxBZXmdqPOok6Q,51.561951,-0.079559,The Auld Shillelagh,2,4.0,19
366,musicvenues,POINT (-0.12766745324286 51.476471418827),xTxfLL3A_fMwf4wenht2uQ,51.476471418827,-0.12766745324286,Cavendish Arms,2,4.0,19
367,musicvenues,POINT (-0.12570490374756 51.514008285739),3HxjeUQokXjaOWW9jQ8Zmw,51.514008285739,-0.12570490374756,Donmar Warehouse,2,4.5,19
368,musicvenues,POINT (-0.119120301986909 51.5122360690504),rl1OBMhuPiMPKcfbll-2wQ,51.5122360690504,-0.119120301986909,Novello Theatre,2,4.5,18
369,musicvenues,POINT (-0.169394 51.463081),CfI__Ue4eGDDdbEBfsw_fQ,51.463081,-0.169394,The Clapham Grand,2,3.5,18
370,musicvenues,POINT (-0.144396403991396 51.5236776488928),CDfe_f-au9t0yW2kyHNlzw,51.5236776488928,-0.144396403991396,229 The Venue,2,3.5,18
371,musicvenues,POINT (-0.08433300000000001 51.526634),USF_QQu1t8ohKG1DO3ntGQ,51.526634,-0.084333,Roadtrip & The Workshop,2,3.0,18
372,musicvenues,POINT (-0.0760137393303717 51.5423317678967),LhgbfFGLYAyvQ9eumpFNNA,51.5423317678967,-0.0760137393303717,The Haggerston,2,3.5,18
373,musicvenues,POINT (-0.1508424 51.4753843),CyVB-PRwv3D8fJ3fGefcCA,51.4753843,-0.1508424,The Magic Garden,2,4.0,17
374,musicvenues,POINT (-0.20147 51.419208),u-ahUPDfBMqwx8gPcj3w0A,51.419208,-0.20147,New Wimbledon Theatre,2,4.0,17
375,musicvenues,POINT (-0.108245629127386 51.5669706786338),Msa04l7ji6q8MJYbKNLhuw,51.5669706786338,-0.108245629127386,The World's End,2,3.5,17
376,musicvenues,POINT (-0.205718 51.419587),wycPFos1MOiV-yk5W6Dy2g,51.419587,-0.205718,Suburban Bar & Lounge,2,4.5,16
377,musicvenues,POINT (-0.206798 51.51786),BstsvsHMhZTF6FxO-bkhwQ,51.51786,-0.206798,Mau Mau Bar,2,3.5,15
378,musicvenues,POINT (-0.044002543242645 51.513046454246),7vUcqYmzhgABVy0mCRb-WQ,51.513046454246,-0.044002543242645,Troxy,2,4.0,15
379,musicvenues,POINT (-0.14655590057373 51.541464179732),Krzj4Qi8qmZIn7I6NNsfug,51.541464179732,-0.14655590057373,Dingwalls,2,4.0,15
380,musicvenues,POINT (-0.12204283764421 51.536349393253),QaT66lr1m1QBmT3t1QB8cQ,51.536349393253,-0.12204283764421,The Star of Kings,2,3.5,15
381,musicvenues,POINT (-0.104026 51.536001),tJqwJOvq773OntNzj9mYqw,51.536001,-0.104026,Ladybird Bar,2,3.0,15
382,musicvenues,POINT (-0.07651670000000001 51.54932),Xjr_6OGSfNilH0oe1HYU5Q,51.54932,-0.0765167,The Vortex Jazz Club,2,4.0,14
383,musicvenues,POINT (-0.038290506798089 51.529283973369),M2s9vczXs_9yc93_0DxwyA,51.529283973369,-0.038290506798089,The Victoria,2,3.0,13
384,musicvenues,POINT (-0.14892 51.543273),whOwE0AVABg4q_JXDrMmeA,51.543273,-0.14892,Spiritual Caipirinha Bar,2,4.5,13
385,musicvenues,POINT (-0.1482112 51.5165634),gi3lb66G1DuCGZq-7tX76Q,51.5165634,-0.1482112,Wigmore Hall,2,4.5,12
386,musicvenues,POINT (-0.184685 51.521171),mKIIRPFjfQFMtnOb9GyhiQ,51.521171,-0.184685,The Canal Cafe Theatre,2,4.0,11
387,musicvenues,POINT (0.004975 51.502746),3SGie63DOiu8Xz5YiH2ivg,51.502746,0.004975,Indigo2,2,3.5,11
388,musicvenues,POINT (-0.2259240014056 51.505227931921),JN3OeblWNRa0Bkm6Q9x-UA,51.505227931921,-0.2259240014056,Bush Theatre,2,4.0,11
389,musicvenues,POINT (-0.114782525333122 51.4613079982434),VAgJr5kzx23y-dEMO7hgHw,51.4613079982434,-0.114782525333122,Ritzy,2,4.5,11
390,musicvenues,POINT (-0.26454742522125 51.465033092659),8dx2s-ZEA2TIzdNKkzi3WA,51.465033092659,-0.26454742522125,Hare & Hounds,2,4.0,10
391,musicvenues,POINT (-0.10144 51.5388637),Ff3hdp0QqRsNiODGd7f0sg,51.5388637,-0.10144,Little Angel,2,4.5,9
392,musicvenues,POINT (-0.116838 51.505777),6mpIrWQBOHbFjjwOYUNflQ,51.505777,-0.116838,London Wonderground,2,4.0,9
393,musicvenues,POINT (-0.142263960119093 51.4988158356587),obObIpGqDSSuRRyXGdUwAw,51.4988158356587,-0.142263960119093,The Other Palace,2,4.0,9
394,musicvenues,POINT (-0.1353599 51.5108549),YKn7DTekcgxdB6zFBYK0lQ,51.5108549,-0.1353599,Piccadilly Theatre,2,4.0,9
395,musicvenues,POINT (-0.07480199999999999 51.552331),eYxVQ0Mql4KdbsIBjNWY5g,51.552331,-0.074802,The Moustache Bar,2,3.5,9
396,musicvenues,POINT (-0.116790601068872 51.4599600575252),LI69PEILAqAuWbpAq2zq5w,51.4599600575252,-0.116790601068872,Electric Brixton,2,3.0,9
397,musicvenues,POINT (-0.25476767934866 51.495682998832),ouZ_1SrtijkTCyi3Fm-bWg,51.495682998832,-0.25476767934866,The Tabard,2,4.0,9
398,musicvenues,POINT (-0.0432596 51.5114288),EskI3TNOIU3uyAKsEilRVg,51.5114288,-0.0432596,Jamboree,2,4.0,8
399,musicvenues,POINT (-0.1184159 51.5195474),s8aiuW-IAx4jSnx8RUF4og,51.5195474,-0.1184159,Conway Hall,2,4.5,8
400,musicvenues,POINT (-0.13258571441719 51.524951106569),rEFfX9q6Ki26eMEzJBuHDw,51.524951106569,-0.13258571441719,Bloomsbury Theatre,2,4.5,7
401,musicvenues,POINT (-0.149375 51.53811),ALvRNgGyiq0FnJVPA7Ig8A,51.53811,-0.149375,Cecil Sharp House,2,4.0,7
402,musicvenues,POINT (-0.128148 51.528654),jbWSa9bp5T6Pgvs0oXGArg,51.528654,-0.128148,Shaw Theatre,2,4.0,7
403,musicvenues,POINT (-0.113088 51.461868),Z7q91330zms5YERNstowhQ,51.461868,-0.113088,Club 414,2,4.5,7
404,musicvenues,POINT (-0.190309002995491 51.4811325073242),iBnRjwsXh_GDuk9t3dRYew,51.4811325073242,-0.190309002995491,Under The Bridge,2,4.5,6
405,musicvenues,POINT (-0.0699801 51.5456506),UFzgsteVJgez2OMjUjSBfg,51.5456506,-0.0699801,The Victoria,2,2.5,6
406,musicvenues,POINT (-0.113058354561645 51.5940154361274),VPvWHwTBAhKymCkcwuehWQ,51.5940154361274,-0.113058354561645,Karamel Restaurant,2,3.0,6
407,musicvenues,POINT (0.00434505520388484 51.5458798282975),vxVJi-RbpjG5CwLu_EKI6w,51.5458798282975,0.00434505520388484,Cart & Horses,2,3.0,6
408,musicvenues,POINT (-0.007691 51.479477),xmbI0dZsZPoodsDFqqwGgg,51.479477,-0.007691,Greenwich Theatre,2,3.5,6
409,musicvenues,POINT (-0.116131 51.587984),jjYx9IGnenkmPNneZpM83w,51.587984,-0.116131,The Great Northern Railway Tavern,2,3.5,6
410,musicvenues,POINT (-0.068008 51.469866),jYvRwQQpSl-ydGu6IPblAw,51.469866,-0.068008,The CLF Art Cafe,2,4.0,5
411,musicvenues,POINT (0.00465899985283613 51.4954452514648),WZVOGiUteEnLZbzjq-h-bg,51.4954452514648,0.00465899985283613,Studio 338,2,2.5,5
412,musicvenues,POINT (-0.1158218 51.5029977),VBO0oSm1CKrIxhv1drg_PA,51.5029977,-0.1158218,South Bank Centre,2,4.0,5
413,musicvenues,POINT (-0.129185006022453 51.515308380127),iyFZF8lYVtwbRstt_lgTsA,51.515308380127,-0.129185006022453,AlleyCat Club,2,3.0,5
414,musicvenues,POINT (-0.26331584425381 51.33544640068),vqOe1EFmBUrrw6OT8uPZ0w,51.33544640068,-0.26331584425381,Los Amigos,2,3.5,5
415,musicvenues,POINT (-0.11343 51.5009995),8dRL9p4TAuickCWe0_GDMg,51.5009995,-0.11343,House Of VANS London,2,4.0,4
416,musicvenues,POINT (-0.13324 51.512019),TiOaSiJ9wwVm3JVjXmQElw,51.512019,-0.13324,The Curious Incident of the Dog In the Night-Time,2,4.5,4
417,musicvenues,POINT (-0.132074 51.51691),449NqriICUkWfdFjAOrL4w,51.51691,-0.132074,Sevilla Mia,2,4.5,4
418,musicvenues,POINT (-0.0772261619567871 51.5305929239808),GEZWle0ThzDmiy9bscUsAw,51.5305929239808,-0.0772261619567871,Troyganic Cafe,2,3.5,3
419,musicvenues,POINT (-0.07672180000000001 51.5486422),KBTSgGRAsvliYtt6rcJOsA,51.5486422,-0.0767218,Servant Jazz Quarters,2,4.5,3
420,musicvenues,POINT (-0.077566 51.488422),nspx3InPdY57TI2stZy_kA,51.488422,-0.077566,Thomas A Becket,2,4.5,3
421,musicvenues,POINT (-0.102659732540928 51.5416247324842),cMQWj1sS9B0RZ5VgYRYE_g,51.5416247324842,-0.102659732540928,Islington Assembly Hall,2,4.5,3
422,musicvenues,POINT (-0.017606 51.4479828),C2B7gDFiCAdXMb27dkHuhg,51.4479828,-0.017606,A2 Delicious Restaurant,2,2.5,3
423,musicvenues,POINT (-0.206798002123833 51.5178604125977),wo7yC0CenvVb6nV_jn8oKw,51.5178604125977,-0.206798002123833,Portobello Lounge,2,2.5,3
424,musicvenues,POINT (-0.0808998643982806 51.6165677500895),3ITSDQsTcOBsduydbUHErg,51.6165677500895,-0.0808998643982806,Millfield Theatre,2,4.0,3
425,musicvenues,POINT (-0.1692918 51.524528),RiEk4wDHQim8XaX9B_51wg,51.524528,-0.1692918,The Cockpit,2,4.5,3
426,musicvenues,POINT (-0.02801 51.47757),YZMz3FC0Z4S_38FAZ_l_Rg,51.47757,-0.02801,The Albany,2,4.0,2
427,musicvenues,POINT (-0.1012133 51.5233433),qOE1uKcpK9Lu297HBkBQAQ,51.5233433,-0.1012133,Electroacoustic Club,2,4.5,2
428,musicvenues,POINT (-0.12843 51.52384),_yCZjlilkxnL-bsjOCY6tQ,51.52384,-0.12843,Kingpin Suite,2,5.0,2
429,musicvenues,POINT (-0.0173548 51.5726204),l3GVGku4myodkCBsOABWuQ,51.5726204,-0.0173548,Cyprus Meze Bar & Restaurant,2,5.0,2
430,musicvenues,POINT (-0.137034 51.510856),fnTqoacwbrnxCNOqyE8buA,51.510856,-0.137034,Source Below,2,5.0,2
431,musicvenues,POINT (-0.0875956709340087 51.5465281131383),QuKM7j48UAJ8-iyr3Nzm2A,51.5465281131383,-0.0875956709340087,The Nave,2,4.0,2
432,musicvenues,POINT (-0.0837782 51.5291214),6Xpd531ImpAyJqqcb6PZZA,51.5291214,-0.0837782,showcase55,2,4.5,2
433,musicvenues,POINT (-0.1708419 51.5171928),opqcUTebNtnP2zntn0eizA,51.5171928,-0.1708419,Tete a Tete,2,3.0,1
434,musicvenues,POINT (-0.16533 51.431008),2tzSYC7IRVJ6IGPdZDYzMQ,51.431008,-0.16533,Jasmin's,2,3.0,1
435,musicvenues,POINT (-0.141781 51.5432111),sb5slHML9GFNTym9E4tpLw,51.5432111,-0.141781,Record Club,2,4.0,1
436,musicvenues,POINT (-0.1324709 51.5096468),3K0Nc7s5y3nSCKuPoWG0gA,51.5096468,-0.1324709,Zouk Lambada UK,2,5.0,1
437,musicvenues,POINT (-0.102134 51.4529841997153),zwxz_tGWCTf2lYLYWMG5Qg,51.4529841997153,-0.102134,Off The Cuff,2,4.0,1
438,musicvenues,POINT (-0.075005 51.545798),atG8nvI2nRwHVuzv5SqsnA,51.545798,-0.075005,Secret Dalston Location,2,3.0,1
439,musicvenues,POINT (-0.1354843 51.4606552),Pv6AEY6OlH4sI239k_QHfQ,51.4606552,-0.1354843,entice,2,3.0,1
440,musicvenues,POINT (-0.0559495389461517 51.5346392915021),jxfnDye17xbWBImkifxfnA,51.5346392915021,-0.0559495389461517,limewharf,2,4.0,1
441,musicvenues,POINT (-0.1101995 51.5508766),Uzjg8dVFJfQikbU0aVT8Rg,51.5508766,-0.1101995,12 Bar Club,2,5.0,1
442,musicvenues,POINT (-0.08340500000000001 51.51269),QDhI-RZu5HUII3AzXBwuhQ,51.51269,-0.083405,Old Tom's Bar,2,2.0,1
443,musicvenues,POINT (-0.140739 51.572756),sfHwE2qYug0meAEOhnSaVA,51.572756,-0.140739,Caipirinha Jazz Bar,2,4.0,1
444,musicvenues,POINT (-0.102471799978848 51.5196084163624),oC9U_xMrBVYjElPnymeNnQ,51.5196084163624,-0.102471799978848,Fabric,3,3.5,191
445,musicvenues,POINT (-0.0995267984277344 51.4977791652439),aYfYdA-B0CP_yVx4L8Hv6A,51.4977791652439,-0.0995267984277344,Ministry Of Sound,3,3.5,110
446,musicvenues,POINT (-0.129518016286871 51.5132393753197),PcicrasEo4EtMg4fGUqfHQ,51.5132393753197,-0.129518016286871,Palace Theatre,3,4.0,57
447,musicvenues,POINT (-0.14254894143432 51.4967811841893),tZcztTxYdzQG54728z9YeA,51.4967811841893,-0.14254894143432,Victoria Palace Theatre,3,4.0,38
448,musicvenues,POINT (-0.119229555130005 51.5115235844158),mdFhy5Ac7dzyCWKyI8vpdw,51.5115235844158,-0.119229555130005,CellarDoor,3,3.5,32
449,musicvenues,POINT (-0.126657151467489 51.509831740945),CWQVipkEaNtcDVDR-ks0bA,51.509831740945,-0.126657151467489,London Coliseum,3,4.0,30
450,musicvenues,POINT (-0.055519841181542 51.545502366094),tp0nZCdUF-ILc3aDaolP-g,51.545502366094,-0.055519841181542,Hackney Empire,3,4.0,25
451,musicvenues,POINT (-0.1352294 51.5161278),wT6WDSr7D3s5a-YzIwtNLw,51.5161278,-0.1352294,100 Club,3,4.0,25
452,musicvenues,POINT (-0.1336992 51.5112471),D37PLcGSvL9UNziSqb0_ZA,51.5112471,-0.1336992,Lyric Theatre,3,4.0,17
453,musicvenues,POINT (-0.22006806110739 51.467307060842),WAWAjGuFfZdv9c6hf7sqTQ,51.467307060842,-0.22006806110739,Half Moon,3,3.5,16
454,musicvenues,POINT (-0.036570240498117 51.475823140255),hv2Ghb1TL2d_s7b3bH_v0Q,51.475823140255,-0.036570240498117,The Venue,3,3.0,14
455,musicvenues,POINT (-0.121504322753935 51.5087818003374),SXSzuXj60mT3g-1eWewUgw,51.5087818003374,-0.121504322753935,Bateaux London,3,4.5,14
456,musicvenues,POINT (-0.12332722441814 51.484469395472),jQyeZOMaPZG89wxRrRE0Fw,51.484469395472,-0.12332722441814,Fire,3,4.0,14
457,musicvenues,POINT (-0.09893804169882971 51.494700415716),BC1KD_JwndRuP5EdBuvD9A,51.494700415716,-0.0989380416988297,The Coronet,3,3.5,13
458,musicvenues,POINT (-0.037135 51.4758249),V6rUyHj5LfeeS_9Ehnb3tg,51.4758249,-0.037135,New Cross Inn,3,3.0,11
459,musicvenues,POINT (-0.1575743 51.4936625),-n4I7Iw4mCsqCOGGMqHhSg,51.4936625,-0.1575743,Cadogan Hall,3,4.0,10
460,musicvenues,POINT (0.00373363 51.503),p8kXJLZGmCc9OxtiWJBcYQ,51.503,0.00373363,Matter,3,3.5,9
461,musicvenues,POINT (-0.1441771 51.540488),SUiC4DL1AnVhHETYb81ErA,51.540488,-0.1441771,Etcetera Theatre Club,3,3.5,6
462,musicvenues,POINT (-0.1087813 51.5343811),_T8dJyebRxTLF14ne-2yEA,51.5343811,-0.1087813,The Islington,3,3.5,6
463,musicvenues,POINT (-0.09403599999999999 51.525219),_-eRnxVyXgdzJTnSUWpf_A,51.525219,-0.094036,LSO St Luke's,3,4.5,5
464,musicvenues,POINT (-0.1372408 51.5076125),O3hPcSMw0EnYoIzOAV_VOw,51.5076125,-0.1372408,The Scotch of St James,3,4.0,3
465,musicvenues,POINT (-0.125476002693176 51.5168304443359),4qQGh8G_AUYOGsAwJ558oA,51.5168304443359,-0.125476002693176,The Den,3,2.5,3
466,musicvenues,POINT (-0.144618398406007 51.5142764636541),o3aBuwTTqtGyZkUiB-c9jg,51.5142764636541,-0.144618398406007,Tape London,3,3.0,2
467,musicvenues,POINT (-0.264541000127792 51.5064010620117),KTPThIBcBRjGVuVdCGxHTQ,51.5064010620117,-0.264541000127792,Euphoriom Nightclub & Bar,3,2.0,1
468,musicvenues,POINT (-0.1645599 51.4610483),sscQlQoN275Tv4GSWfIMzQ,51.4610483,-0.1645599,Rise46,3,1.0,1
469,musicvenues,POINT (-0.08074000000000001 51.511621),5Ndcx-CcpMMRNyGyPUCd9Q,51.511621,-0.08074,Proud Cabaret,4,3.0,26
470,musicvenues,POINT (-0.1248029 51.5083585),F21O5l6AfFzgJ7FjbLPTXw,51.5083585,-0.1248029,Thistle Charing Cross Hotel,4,4.0,4
471,musicvenues,POINT (-0.204632 51.367174),ICEabHEZnK8sQ1D7g8eWBw,51.367174,-0.204632,Boom Boom Club,4,4.5,2
472,musicvenues,POINT (-0.15747 51.51665),nMOVFjVWZG_sPiDcq0_GeQ,51.51665,-0.15747,Party Pianos - The UK Duelling Pianos Show,4,3.0,1
473,opera,POINT (-0.177283 51.511827),o23aihPccXrnfs99k7GvrQ,51.511827,-0.177283,Bel Canto,4,4.0,10
474,theater,POINT (-0.0797796249389648 51.5051364249445),blPVfo35hRTG-0YSwmw9uw,51.5051364249445,-0.0797796249389648,The Scoop at More London,1,4.5,18
475,theater,POINT (-0.183591842651367 51.5510586247943),1ykMbCK-N53D3jfjvCFlSA,51.5510586247943,-0.183591842651367,Camden Arts Centre,1,4.5,10
476,theater,POINT (-0.1326435 51.5207403),Iq7bIqtYXq9-i-UbpBdhMA,51.5207403,-0.1326435,RADA Studios,1,4.5,6
477,theater,POINT (-0.138404 51.526399),wAisBSNKI6feFd2kQvBQ7w,51.526399,-0.138404,Camden Peoples Theatre,1,4.5,5
478,theater,POINT (-0.1349588 51.5091499),3xU718hYKIuwr_IbkgGdDQ,51.5091499,-0.1349588,Jermyn Street Theatre,1,4.0,4
479,theater,POINT (-0.0808073258652442 51.5038976218874),5Mm78ZdTq-66yKhHi7oqIA,51.5038976218874,-0.0808073258652442,Unicorn Theatre,1,4.0,3
480,theater,POINT (-0.187878 51.44179),hxvnZr9KaMgQCoYyIhHlKA,51.44179,-0.187878,Tara Theatre,1,4.5,3
481,theater,POINT (-0.05293 51.51436),EhEzIcaAjMYQUd5feYaD0w,51.51436,-0.05293,Eastend Cabaret,1,4.5,2
482,theater,POINT (-0.0971089400017153 51.5081126650366),wD0BMblDiufinDO24o8x8Q,51.5081126650366,-0.0971089400017153,Shakespeare's Globe Theatre,2,4.5,238
483,theater,POINT (-0.150961 51.543409),0W8xMW9SF1_3_6wFcILF-A,51.543409,-0.150961,Roundhouse,2,4.5,129
484,theater,POINT (-0.10255137447907 51.538436085252),HwVbQ7vTj_oQvBG2K0RYNQ,51.538436085252,-0.10255137447907,King's Head Pub and Theatre,2,4.0,47
485,theater,POINT (-0.0667762756347656 51.5105854325666),JQivhGlwmxkeS7a-U-GgqA,51.5105854325666,-0.0667762756347656,Wilton's Music Hall,2,4.5,38
486,theater,POINT (-0.121945 51.4860659),vDYVC5x9dSwCOZ78iDsRsg,51.4860659,-0.121945,Royal Vauxhall Tavern,2,4.0,35
487,theater,POINT (-0.13323999941349 51.512020111084),wGdq0DxcpSeYtwx6_fQjlA,51.512020111084,-0.13323999941349,Gielgud Theatre,2,4.5,35
488,theater,POINT (-0.156518185947144 51.4925592283224),QriIZZXIIYRlzYG_HSGdJQ,51.4925592283224,-0.156518185947144,Royal Court Theatre,2,4.5,30
489,theater,POINT (-0.224223 51.503498),ik-78ZOxMcjYo90cUqOXzg,51.503498,-0.224223,Shepherds Bush Empire,2,4.0,28
490,theater,POINT (-0.129527 51.514441),1ukDf0pCK-7KKqd5k99Tug,51.514441,-0.129527,Phoenix Theatre,2,4.0,27
491,theater,POINT (-0.127672 51.512847),haUR9ZH0sUgRfU0IDU4SMg,51.512847,-0.127672,St Martin's Theatre,2,4.0,23
492,theater,POINT (-0.1059079 51.5314166),rV1QQ9IDbHBnZf1j4mWwCg,51.5314166,-0.1059079,Old Red Lion Theatre Pub,2,4.0,23
493,theater,POINT (-0.12570490374756 51.514008285739),3HxjeUQokXjaOWW9jQ8Zmw,51.514008285739,-0.12570490374756,Donmar Warehouse,2,4.5,19
494,theater,POINT (-0.119120301986909 51.5122360690504),rl1OBMhuPiMPKcfbll-2wQ,51.5122360690504,-0.119120301986909,Novello Theatre,2,4.5,18
495,theater,POINT (-0.20147 51.419208),u-ahUPDfBMqwx8gPcj3w0A,51.419208,-0.20147,New Wimbledon Theatre,2,4.0,17
496,theater,POINT (-0.020732 51.587843),D8bGs6Vqx89uzcQrgneAnw,51.587843,-0.020732,Ye Olde Rose & Crown Theatre Pub,2,4.0,15
497,theater,POINT (-0.102022786508314 51.5460543442144),T_MbgY2hWQC6xil2BdSUVg,51.5460543442144,-0.102022786508314,The Hen & Chickens Theatre Bar,2,4.0,14
498,theater,POINT (-0.1482112 51.5165634),gi3lb66G1DuCGZq-7tX76Q,51.5165634,-0.1482112,Wigmore Hall,2,4.5,12
499,theater,POINT (-0.094433901913548 51.5046926426964),JBMiEW6dZGHCrkPvfLj5-w,51.5046926426964,-0.094433901913548,Menier Chocolate Factory,2,3.0,12
500,theater,POINT (-0.086878003081986 51.537515055852),NunbBkmzWSTAXdtKgNzpRQ,51.537515055852,-0.086878003081986,Rosemary Branch Theatre,2,4.0,11
501,theater,POINT (-0.184685 51.521171),mKIIRPFjfQFMtnOb9GyhiQ,51.521171,-0.184685,The Canal Cafe Theatre,2,4.0,11
502,theater,POINT (-0.13397 51.517776),gLPZAJNJmns1w7PY9Cj93g,51.517776,-0.13397,The Wheatsheaf,2,3.5,11
503,theater,POINT (-0.2259240014056 51.505227931921),JN3OeblWNRa0Bkm6Q9x-UA,51.505227931921,-0.2259240014056,Bush Theatre,2,4.0,11
504,theater,POINT (-0.10144 51.5388637),Ff3hdp0QqRsNiODGd7f0sg,51.5388637,-0.10144,Little Angel,2,4.5,9
505,theater,POINT (-0.142263960119093 51.4988158356587),obObIpGqDSSuRRyXGdUwAw,51.4988158356587,-0.142263960119093,The Other Palace,2,4.0,9
506,theater,POINT (-0.1353599 51.5108549),YKn7DTekcgxdB6zFBYK0lQ,51.5108549,-0.1353599,Piccadilly Theatre,2,4.0,9
507,theater,POINT (-0.13258571441719 51.524951106569),rEFfX9q6Ki26eMEzJBuHDw,51.524951106569,-0.13258571441719,Bloomsbury Theatre,2,4.5,7
508,theater,POINT (-0.128148 51.528654),jbWSa9bp5T6Pgvs0oXGArg,51.528654,-0.128148,Shaw Theatre,2,4.0,7
509,theater,POINT (-0.007691 51.479477),xmbI0dZsZPoodsDFqqwGgg,51.479477,-0.007691,Greenwich Theatre,2,3.5,6
510,theater,POINT (-0.07253900000000001 51.531582),1D6PTAE4mWW3m1s_Yh6szA,51.531582,-0.072539,Folkore,2,4.0,4
511,theater,POINT (-0.102659732540928 51.5416247324842),cMQWj1sS9B0RZ5VgYRYE_g,51.5416247324842,-0.102659732540928,Islington Assembly Hall,2,4.5,3
512,theater,POINT (-0.0808998643982806 51.6165677500895),3ITSDQsTcOBsduydbUHErg,51.6165677500895,-0.0808998643982806,Millfield Theatre,2,4.0,3
513,theater,POINT (-0.1025389 51.5382668),w--JRAoN3QfTsh5TgNxa3A,51.5382668,-0.1025389,King's Head Theatre,2,3.5,3
514,theater,POINT (-0.1692918 51.524528),RiEk4wDHQim8XaX9B_51wg,51.524528,-0.1692918,The Cockpit,2,4.5,3
515,theater,POINT (-0.0780735 51.5151138),neC0my6eS0K8ByOTWd4qrA,51.5151138,-0.0780735,Guitar Cities London,2,4.5,2
516,theater,POINT (-0.129518016286871 51.5132393753197),PcicrasEo4EtMg4fGUqfHQ,51.5132393753197,-0.129518016286871,Palace Theatre,3,4.0,57
517,theater,POINT (-0.14254894143432 51.4967811841893),tZcztTxYdzQG54728z9YeA,51.4967811841893,-0.14254894143432,Victoria Palace Theatre,3,4.0,38
518,theater,POINT (-0.126657151467489 51.509831740945),CWQVipkEaNtcDVDR-ks0bA,51.509831740945,-0.126657151467489,London Coliseum,3,4.0,30
519,theater,POINT (-0.055519841181542 51.545502366094),tp0nZCdUF-ILc3aDaolP-g,51.545502366094,-0.055519841181542,Hackney Empire,3,4.0,25
520,theater,POINT (-0.1336992 51.5112471),D37PLcGSvL9UNziSqb0_ZA,51.5112471,-0.1336992,Lyric Theatre,3,4.0,17
521,theater,POINT (-0.09893804169882971 51.494700415716),BC1KD_JwndRuP5EdBuvD9A,51.494700415716,-0.0989380416988297,The Coronet,3,3.5,13
522,theater,POINT (-0.121994 51.509672),DXVL-c3MppC6K8_sTKUVsw,51.509672,-0.121994,Adam House,3,4.0,12
523,theater,POINT (-0.1575743 51.4936625),-n4I7Iw4mCsqCOGGMqHhSg,51.4936625,-0.1575743,Cadogan Hall,3,4.0,10
524,theater,POINT (-0.1441771 51.540488),SUiC4DL1AnVhHETYb81ErA,51.540488,-0.1441771,Etcetera Theatre Club,3,3.5,6
525,theater,POINT (-0.113637 51.507209),F4agLVV1drXdeTNpeTrzEA,51.507209,-0.113637,The Deck at the National Theatre,3,5.0,2
526,social_clubs,POINT (-0.0428515 51.523859),BTvMIkafND9Gy4tYdbf6qw,51.523859,-0.0428515,Drapers Bar and Kitchen,1,3.0,5
527,social_clubs,POINT (-0.126998727402006 51.5137779806089),7DvrWDW500rWrKQliT_IeQ,51.5137779806089,-0.126998727402006,Seven Dials Club,1,4.0,4
528,social_clubs,POINT (-0.110434 51.4877),CHaoAdrKelz0cr4ABeyx9g,51.4877,-0.110434,Camera Club,1,4.0,2
529,social_clubs,POINT (-0.07518080474243 51.550996571052),6sf0DvaZwIX1nr92GvdPVg,51.550996571052,-0.07518080474243,Efes Snooker Club,2,3.5,15
530,social_clubs,POINT (-0.1458394 51.5412496),PfxmtXgyG_CUlJfdr0pnAQ,51.5412496,-0.1458394,Lock 17 Jongleurs,2,3.5,12
531,social_clubs,POINT (-0.1168087 51.5406905),LaAv0iBVkiBcfcPAEF57Rw,51.5406905,-0.1168087,Meltdown,2,4.5,9
532,social_clubs,POINT (-0.149375 51.53811),ALvRNgGyiq0FnJVPA7Ig8A,51.53811,-0.149375,Cecil Sharp House,2,4.0,7
533,social_clubs,POINT (-0.174502621022071 51.4879811970778),s2lzUcM6gUgGNaM1m4joyw,51.4879811970778,-0.174502621022071,Chelsea Arts Club,2,4.5,4
534,social_clubs,POINT (-0.123858 51.506051),g6hW5iJIM1g1dtJt0iRCtg,51.506051,-0.123858,National Liberal Club,2,4.5,4
535,social_clubs,POINT (-0.145453 51.508292),CsHJcG7a1iwHPAb2JwRCGw,51.508292,-0.145453,Lansdowne Club,2,3.0,3
536,social_clubs,POINT (-0.162217 51.513906),c1v7Niifty12aF8J6GH9lQ,51.513906,-0.162217,Victory Services Club,2,4.5,2
537,social_clubs,POINT (-0.155207219662862 51.4397548910323),4P-JlxSkcA--xPKJxDUOng,51.4397548910323,-0.155207219662862,Polish White Eagle Club,2,2.5,2
538,social_clubs,POINT (-0.1216506 51.4082614),sJkUsrTL9rVUXQV-CPcH-Q,51.4082614,-0.1216506,Nouvelle Dosti,2,1.0,1
539,social_clubs,POINT (-0.131531798142518 51.51469295905),PXskq_xvNxE6mN5z-wcaGA,51.51469295905,-0.131531798142518,Kiss The Girl Wine Dating,2,3.0,1
540,social_clubs,POINT (-0.2318882 51.5168829),al_2xmxWduqGJIf4yiUbvw,51.5168829,-0.2318882,Tastour,2,3.0,1
541,social_clubs,POINT (-0.07582999999999999 51.52398),rVxBrW_fwguWiJ7mdgueoQ,51.52398,-0.07583,Shoreditch House,3,4.0,80
542,social_clubs,POINT (-0.136673 51.513701),Afz2mheGNrH7ZlcwGj-iPA,51.513701,-0.136673,Milk & Honey,3,4.0,74
543,social_clubs,POINT (-0.142202640487034 51.5126001620115),ccRPnKjkHJVoKwvLyojirA,51.5126001620115,-0.142202640487034,Maddox Club,3,3.0,26
544,social_clubs,POINT (-0.254623 51.492908),LvrIwl0hjt7FHbyID6XEjg,51.492908,-0.254623,High Road House,3,4.0,9
545,social_clubs,POINT (-0.08713 51.513218),CKnaV8SRLbAQdT-Qd9PWSQ,51.513218,-0.08713,Eight Club,3,3.5,6
546,social_clubs,POINT (-0.117442 51.525021),ZY2_E36Uwg7bPzakJDPjtg,51.525021,-0.117442,Goodenough Club,3,3.0,5
547,social_clubs,POINT (-0.13886 51.50609),7yHNS_raHOO2K5joUqAPmQ,51.50609,-0.13886,Carlton Club,3,4.0,5
548,social_clubs,POINT (-0.151658 51.5094845),qJNsqHaVdNZ6TouzVc3Ucg,51.5094845,-0.151658,George,3,5.0,4
549,social_clubs,POINT (-0.138287 51.511946),Q3N9zvl63Yj2V17ya4gEzQ,51.511946,-0.138287,Kabaret's Prophecy,3,4.0,3
550,social_clubs,POINT (-0.1495967 51.6147045),1JZER5Yz3SMaAG3JmNVdBQ,51.6147045,-0.1495967,Boulevard Club,3,3.5,3
551,social_clubs,POINT (-0.1474656 51.5059433),I3BSlGVmNR-2JCG1gf99hQ,51.5059433,-0.1474656,5 Hertford Street,3,5.0,2
552,social_clubs,POINT (-0.137329 51.516337),GVKoVty2uPkzzTHSz3DZrg,51.516337,-0.137329,Crystal,3,3.0,1
553,social_clubs,POINT (-0.261293 51.332563),nn_R_NLOAsnuQIhU2kqaFA,51.332563,-0.261293,Epsom Club,3,3.0,1
554,social_clubs,POINT (-0.1766437 51.6173972),ErvMqMpvnU1YfEKxlkCmfQ,51.6173972,-0.1766437,The Ivory Club,3,5.0,1
555,social_clubs,POINT (-0.14966 51.515435),5LzwMJS4R8DxtRbtfJagcQ,51.515435,-0.14966,Oriental Club,3,5.0,1
556,social_clubs,POINT (-0.1561365 51.523576),NzQ4ov0qvU6DBQMyJyp_1A,51.523576,-0.1561365,Taste of London,4,3.0,21
557,social_clubs,POINT (-0.142274 51.508169),HmRmh9bYb39O2W48pUTbkQ,51.508169,-0.142274,Arts Club,4,4.5,18
558,social_clubs,POINT (-0.138746 51.512349),vKUKez6Yaw-rgNqHFAITXw,51.512349,-0.138746,Kingly Club,4,3.0,9
559,social_clubs,POINT (-0.156953 51.498995),_OuHLEKlfdHNzk0VHpqQig,51.498995,-0.156953,Mosimann's Club,4,5.0,5
560,psychic_astrology,POINT (-0.125271 51.51455),z5grj-cwjiDbp34AQhn3mA,51.51455,-0.125271,Mysteries,2,4.0,23
561,psychic_astrology,POINT (-0.127855539321899 51.51057875526),tAYOFuGc9kE5amJFB7gA0g,51.51057875526,-0.127855539321899,Watkins Books,2,4.5,12
562,psychic_astrology,POINT (0.0013161 51.4841463),MLcMQssOfTB6ONAWlgCQgw,51.4841463,0.0013161,Stepping Stones,2,5.0,4
563,psychic_astrology,POINT (-0.3179136 51.5110057),q7OsrtZE-SoZ_dkFuUzTog,51.5110057,-0.3179136,Mind Body & Spirit,2,5.0,1
564,psychic_astrology,POINT (-0.124922 51.514521),0flONpaVFvVYOykiYDf8bg,51.514521,-0.124922,Buddha On A Bicycle,3,4.0,9
565,wineries,POINT (-0.25562 51.50368),0e9josJue4teJZY2mdMQIg,51.50368,-0.25562,Vintage Wine Gifts,1,2.0,3
566,wineries,POINT (-0.1352633 51.5186328),EMejhJBIzMJLOoZJaONVzg,51.5186328,-0.1352633,Vagabond Wines,2,4.0,17
567,wineries,POINT (-0.1509869992733 51.4445686340332),p4DcgIPdf89RO1WskybiyQ,51.4445686340332,-0.1509869992733,The Wine Tasting Shop,2,5.0,4
568,wineries,POINT (-0.20657 51.507156),QPAhDGOc0V72RLQeHyw7Hg,51.507156,-0.20657,Nicolas,2,4.5,4
569,wineries,POINT (-0.199130175214592 51.5141426461868),yI-9WYvuRSy-Ly7tj04YfA,51.5141426461868,-0.199130175214592,The Continental Pantry,2,4.5,3
570,wineries,POINT (-0.0620125 51.5365257),j1OGW2mmj2R6H_RmPr53LQ,51.5365257,-0.0620125,Noble Liquor,2,3.0,3
571,wineries,POINT (-0.1413428 51.5740336),M263CXkiDVicCOfsEFIUOQ,51.5740336,-0.1413428,Zelas Wines,2,3.5,3
572,wineries,POINT (-0.0838899 51.5129238),GZgUEoF8KEpyWZlXR2VHzA,51.5129238,-0.0838899,Cheese at Leadenhall,2,4.5,3
573,wineries,POINT (-0.129432678222656 51.5337364452469),misVjJ9NjgiiTaF8eBPisg,51.5337364452469,-0.129432678222656,DesVins Cafe & Wine Bar,2,1.0,3
574,wineries,POINT (-0.0802457 51.5174761),GvXRDN-tN60i8B8fYrXLMA,51.5174761,-0.0802457,New Street Wine Shop,2,3.0,2
575,wineries,POINT (-0.1407776 51.5526877),N05ni488O0XQg3jBC_I70Q,51.5526877,-0.1407776,Patron Cave à Manger,2,4.5,2
576,wineries,POINT (-0.108337 51.565206),7q566H1oT-_Ix6yZjsD0Yg,51.565206,-0.108337,Oak N4,2,5.0,1
577,wineries,POINT (-0.20413131136386 51.5146177155576),TpPSvRCnKViYWAt_TYIncw,51.5146177155576,-0.20413131136386,Bottega Friulana,2,5.0,1
578,wineries,POINT (-0.0158730146815045 51.5045242962897),UKkBTI9L8gIwfxaeTM_kyg,51.5045242962897,-0.0158730146815045,Waitrose Wine Bar,2,4.0,1
579,wineries,POINT (-0.1965386 51.4859428),WzMQv4AHZWqkyuTNtOZN9w,51.4859428,-0.1965386,London Cru,2,4.0,1
580,wineries,POINT (-0.162348972665107 51.4990917420527),nHMn6sJQEj1c2cnGThyvvg,51.4990917420527,-0.162348972665107,Harrods Food Hall,3,4.5,282
581,wineries,POINT (-0.1380641 51.5055029),XhJp-NYIwxta3Cxj7AQ3UA,51.5055029,-0.1380641,Berry Bros. & Rudd,3,4.5,25
582,wineries,POINT (-0.147593255995753 51.510849781631),5usNELoCW0A-w43kAsKS4w,51.510849781631,-0.147593255995753,Hedonism Wines,3,5.0,21
583,wineries,POINT (-0.089911 51.513682),vsKa-KYWNeGo2rREfXrwow,51.513682,-0.089911,Cecconi's,3,4.5,3
584,wineries,POINT (-0.2276862 51.4979728),PYcG5ExM9vLXkbCXV59OoA,51.4979728,-0.2276862,The Brackenbury Wine Rooms,3,4.0,2
585,wineries,POINT (-0.0142593667953861 51.4775012021905),IMsnXQK5A0-MaHJZ7ny-AQ,51.4775012021905,-0.0142593667953861,Davy's Wine Shop,3,4.0,1
586,wineries,POINT (-0.1622004 51.4642396),gKHpaEMsm3j8zWwomCc2nA,51.4642396,-0.1622004,Eagle's Wines,4,1.0,1
